[
{
  "model": "intake.visitor",
  "pk": 31,
  "fields": {
    "first_visit": "2017-04-10T19:39:31.153Z",
    "source": "share",
    "referrer": "http://bajoradefender.org/services/clean-slate/",
    "ip_address": "48.104.186.127"
  }
},
{
  "model": "intake.applicant",
  "pk": 31,
  "fields": {
    "visitor": 31
  }
},
{
  "model": "intake.formsubmission",
  "pk": 31,
  "fields": {
    "applicant": 31,
    "duplicate_set": null,
    "answers": {
      "contact_preferences": [
        "prefers_sms"
      ],
      "first_name": "Kevin",
      "middle_name": "Christopher",
      "last_name": "Gregory",
      "preferred_pronouns": "she",
      "phone_number": "8314207603",
      "alternate_phone_number": "8314207603",
      "email": "bgolder+testing@codeforamerica.org",
      "address": {
        "street": "530 Martinez Parkways",
        "city": "North Chrisside",
        "state": "MO",
        "zip": "56425"
      },
      "dob": {
        "month": "10",
        "day": "3",
        "year": "1976"
      },
      "us_citizen": "yes",
      "being_charged": "no",
      "serving_sentence": "no",
      "on_probation_parole": "yes",
      "finished_half_probation": "not_applicable",
      "reduced_probation": "no",
      "rap_outside_sf": "yes",
      "when_where_outside_sf": "",
      "has_suspended_license": "no",
      "owes_court_fees": "yes",
      "monthly_income": 2000,
      "on_public_benefits": "yes",
      "owns_home": "yes",
      "household_size": 3,
      "how_did_you_hear": "from work",
      "additional_information": "I want help",
      "understands_limits": "yes",
      "consent_to_represent": "yes",
      "declaration_letter_intro": "Rem aut minima mollitia sunt. Optio vitae nihil unde laudantium ex reiciendis vero cumque. Aperiam culpa exercitationem nobis nihil. Quidem ipsam non sapiente enim blanditiis sint voluptates. Dolore possimus assumenda itaque fugit exercitationem illo voluptate accusamus.",
      "declaration_letter_life_changes": "Quas esse veritatis laboriosam illum nemo unde. Molestias distinctio voluptates dolore esse ratione. Consequatur odit incidunt occaecati pariatur. Quam totam error necessitatibus aut impedit autem quaerat quis.",
      "declaration_letter_activities": "Architecto magni ullam eveniet voluptates. Ea voluptas nam blanditiis sit assumenda aliquam. Consectetur rem tempore alias eveniet. Aperiam laborum est exercitationem praesentium hic dolore.",
      "declaration_letter_goals": "Pariatur aspernatur quisquam impedit pariatur repudiandae quo. Perspiciatis molestiae aperiam totam corporis fugit cupiditate. Architecto dignissimos recusandae necessitatibus magni voluptate harum omnis. Omnis nisi tenetur laboriosam cumque fugiat alias optio.",
      "declaration_letter_why": "Aspernatur ducimus sint porro dicta odit dolore. Placeat consequatur autem cumque laboriosam. Est ipsa quibusdam nam quam deleniti nemo velit.",
      "currently_employed": "no",
      "income_source": "a job",
      "monthly_expenses": 2000,
      "aliases": "Tammy Mckenzie",
      "driver_license_or_id": "D1418611",
      "last_four": "9051",
      "case_number": "C0093-655",
      "where_probation_or_parole": "Yolo County",
      "when_probation_or_parole": "2018",
      "dependents": 0,
      "reasons_for_applying": [
        "background_check",
        "lost_job",
        "housing"
      ],
      "is_veteran": "no",
      "is_student": "no",
      "ssn": "507145780",
      "has_children": "yes",
      "is_married": "yes",
      "pfn_number": ""
    },
    "first_name": "Kevin",
    "last_name": "Gregory",
    "dob": null,
    "ssn": "507145780",
    "last_four": "9051",
    "drivers_license_or_id": "",
    "case_number": "C0093-655",
    "phone_number": "8314207603",
    "alternate_phone_number": "8314207603",
    "email": "bgolder+testing@codeforamerica.org",
    "reasons_for_applying": "['background_check', 'lost_job', 'housing']",
    "how_did_you_hear": "from work",
    "additional_information": "I want help",
    "aliases": "Tammy Mckenzie",
    "pfn_number": "",
    "contact_preferences": "['prefers_sms']",
    "preferred_pronouns": "she",
    "website": "",
    "street": "530 Martinez Parkways",
    "city": "North Chrisside",
    "state": "MO",
    "zip": "56425",
    "us_citizen": "yes",
    "is_veteran": "no",
    "is_student": "no",
    "being_charged": "no",
    "serving_sentence": "no",
    "on_probation_parole": "yes",
    "where_probation_or_parole": "Yolo County",
    "when_probation_or_parole": "2018",
    "finished_half_probation": "not_applicable",
    "reduced_probation": "no",
    "rap_outside_sf": "yes",
    "when_where_outside_sf": "",
    "has_suspended_license": "no",
    "owes_court_fees": "yes",
    "financial_screening_note": "",
    "currently_employed": "no",
    "monthly_income": 2000,
    "income_source": "a job",
    "on_public_benefits": "yes",
    "owns_home": "yes",
    "monthly_expenses": 2000,
    "household_size": 3,
    "dependents": 0,
    "is_married": "yes",
    "has_children": "yes",
    "old_uuid": "55350e70f9f443e29b3d4f24cd58876d",
    "anonymous_name": "Conscientious Star",
    "date_received": "2017-04-09T02:32:52-07:00"
  }
},
{
  "model": "intake.application",
  "pk": 31,
  "fields": {
    "created": "2017-04-09T09:32:52Z",
    "updated": "2017-04-10T19:39:31.172Z",
    "organization": [
      "Alameda County Public Defender's Office"
    ],
    "form_submission": 31,
    "was_transferred_out": false
  }
},
{
  "model": "intake.application",
  "pk": 32,
  "fields": {
    "created": "2017-04-09T09:32:52Z",
    "updated": "2017-04-10T19:39:31.174Z",
    "organization": [
      "Contra Costa Public Defender"
    ],
    "form_submission": 31,
    "was_transferred_out": false
  }
},
{
  "model": "intake.application",
  "pk": 33,
  "fields": {
    "created": "2017-04-09T09:32:52Z",
    "updated": "2017-04-10T19:39:31.175Z",
    "organization": [
      "Fresno County Public Defender"
    ],
    "form_submission": 31,
    "was_transferred_out": false
  }
},
{
  "model": "intake.application",
  "pk": 34,
  "fields": {
    "created": "2017-04-09T09:32:52Z",
    "updated": "2017-04-10T19:39:31.177Z",
    "organization": [
      "Monterey County Public Defender"
    ],
    "form_submission": 31,
    "was_transferred_out": false
  }
},
{
  "model": "intake.application",
  "pk": 35,
  "fields": {
    "created": "2017-04-09T09:32:52Z",
    "updated": "2017-04-10T19:39:31.179Z",
    "organization": [
      "San Diego County Public Defender"
    ],
    "form_submission": 31,
    "was_transferred_out": false
  }
},
{
  "model": "intake.application",
  "pk": 36,
  "fields": {
    "created": "2017-04-09T09:32:52Z",
    "updated": "2017-04-10T19:39:31.180Z",
    "organization": [
      "San Francisco Public Defender"
    ],
    "form_submission": 31,
    "was_transferred_out": false
  }
},
{
  "model": "intake.application",
  "pk": 37,
  "fields": {
    "created": "2017-04-09T09:32:52Z",
    "updated": "2017-04-10T19:39:31.181Z",
    "organization": [
      "San Joaquin County Public Defender"
    ],
    "form_submission": 31,
    "was_transferred_out": false
  }
},
{
  "model": "intake.application",
  "pk": 38,
  "fields": {
    "created": "2017-04-09T09:32:52Z",
    "updated": "2017-04-10T19:39:31.183Z",
    "organization": [
      "Santa Barbara County Public Defender"
    ],
    "form_submission": 31,
    "was_transferred_out": false
  }
},
{
  "model": "intake.application",
  "pk": 39,
  "fields": {
    "created": "2017-04-09T09:32:52Z",
    "updated": "2017-04-10T19:39:31.185Z",
    "organization": [
      "Santa Clara County Public Defender"
    ],
    "form_submission": 31,
    "was_transferred_out": false
  }
},
{
  "model": "intake.application",
  "pk": 40,
  "fields": {
    "created": "2017-04-09T09:32:52Z",
    "updated": "2017-04-10T19:39:31.187Z",
    "organization": [
      "Santa Cruz County Public Defender"
    ],
    "form_submission": 31,
    "was_transferred_out": false
  }
},
{
  "model": "intake.application",
  "pk": 41,
  "fields": {
    "created": "2017-04-09T09:32:52Z",
    "updated": "2017-04-10T19:39:31.188Z",
    "organization": [
      "Solano County Public Defender"
    ],
    "form_submission": 31,
    "was_transferred_out": false
  }
},
{
  "model": "intake.application",
  "pk": 42,
  "fields": {
    "created": "2017-04-09T09:32:52Z",
    "updated": "2017-04-10T19:39:31.190Z",
    "organization": [
      "Sonoma County Public Defender"
    ],
    "form_submission": 31,
    "was_transferred_out": false
  }
},
{
  "model": "intake.application",
  "pk": 43,
  "fields": {
    "created": "2017-04-09T09:32:52Z",
    "updated": "2017-04-10T19:39:31.192Z",
    "organization": [
      "Tulare County Public Defender"
    ],
    "form_submission": 31,
    "was_transferred_out": false
  }
},
{
  "model": "intake.application",
  "pk": 44,
  "fields": {
    "created": "2017-04-09T09:32:52Z",
    "updated": "2017-04-10T19:39:31.194Z",
    "organization": [
      "Ventura County Public Defender"
    ],
    "form_submission": 31,
    "was_transferred_out": false
  }
},
{
  "model": "intake.statusupdate",
  "pk": 37,
  "fields": {
    "created": "2017-04-10T19:39:32.354Z",
    "updated": "2017-04-10T19:39:32.363Z",
    "status_type": 2,
    "additional_information": "We may be able to get a fee waived for you",
    "author": [
      "san_joaquin_pubdef_user"
    ],
    "application": 37,
    "other_next_step": "Come to our Walk-In Clinic",
    "next_steps": [
      1
    ]
  }
},
{
  "model": "intake.statusupdate",
  "pk": 31,
  "fields": {
    "created": "2017-04-10T19:39:32.194Z",
    "updated": "2017-04-10T19:39:32.203Z",
    "status_type": 3,
    "additional_information": "We may be able to get a fee waived for you",
    "author": [
      "a_pubdef_user"
    ],
    "application": 31,
    "other_next_step": "Come to our Walk-In Clinic",
    "next_steps": [
      1
    ]
  }
},
{
  "model": "intake.statusupdate",
  "pk": 42,
  "fields": {
    "created": "2017-04-10T19:39:32.624Z",
    "updated": "2017-04-10T19:39:32.639Z",
    "status_type": 7,
    "additional_information": "We may be able to get a fee waived for you",
    "author": [
      "sonoma_pubdef_user"
    ],
    "application": 42,
    "other_next_step": "Come to our Walk-In Clinic",
    "next_steps": [
      1
    ]
  }
},
{
  "model": "intake.statusupdate",
  "pk": 32,
  "fields": {
    "created": "2017-04-10T19:39:32.217Z",
    "updated": "2017-04-10T19:39:32.232Z",
    "status_type": 4,
    "additional_information": "We may be able to get a fee waived for you",
    "author": [
      "cc_pubdef_user"
    ],
    "application": 32,
    "other_next_step": "Come to our Walk-In Clinic",
    "next_steps": [
      1
    ]
  }
},
{
  "model": "intake.statusupdate",
  "pk": 38,
  "fields": {
    "created": "2017-04-10T19:39:32.384Z",
    "updated": "2017-04-10T19:39:32.502Z",
    "status_type": 3,
    "additional_information": "We may be able to get a fee waived for you",
    "author": [
      "santa_barbara_pubdef_user"
    ],
    "application": 38,
    "other_next_step": "Come to our Walk-In Clinic",
    "next_steps": [
      1
    ]
  }
},
{
  "model": "intake.statusupdate",
  "pk": 33,
  "fields": {
    "created": "2017-04-10T19:39:32.243Z",
    "updated": "2017-04-10T19:39:32.253Z",
    "status_type": 5,
    "additional_information": "We may be able to get a fee waived for you",
    "author": [
      "fresno_pubdef_user"
    ],
    "application": 33,
    "other_next_step": "Come to our Walk-In Clinic",
    "next_steps": [
      1
    ]
  }
},
{
  "model": "intake.statusupdate",
  "pk": 34,
  "fields": {
    "created": "2017-04-10T19:39:32.271Z",
    "updated": "2017-04-10T19:39:32.280Z",
    "status_type": 6,
    "additional_information": "We may be able to get a fee waived for you",
    "author": [
      "monterey_pubdef_user"
    ],
    "application": 34,
    "other_next_step": "Come to our Walk-In Clinic",
    "next_steps": [
      1
    ]
  }
},
{
  "model": "intake.statusupdate",
  "pk": 35,
  "fields": {
    "created": "2017-04-10T19:39:32.293Z",
    "updated": "2017-04-10T19:39:32.308Z",
    "status_type": 7,
    "additional_information": "We may be able to get a fee waived for you",
    "author": [
      "san_diego_pubdef_user"
    ],
    "application": 35,
    "other_next_step": "Come to our Walk-In Clinic",
    "next_steps": [
      1
    ]
  }
},
{
  "model": "intake.statusupdate",
  "pk": 39,
  "fields": {
    "created": "2017-04-10T19:39:32.533Z",
    "updated": "2017-04-10T19:39:32.546Z",
    "status_type": 4,
    "additional_information": "We may be able to get a fee waived for you",
    "author": [
      "santa_clara_pubdef_user"
    ],
    "application": 39,
    "other_next_step": "Come to our Walk-In Clinic",
    "next_steps": [
      1
    ]
  }
},
{
  "model": "intake.statusupdate",
  "pk": 36,
  "fields": {
    "created": "2017-04-10T19:39:32.325Z",
    "updated": "2017-04-10T19:39:32.338Z",
    "status_type": 1,
    "additional_information": "We may be able to get a fee waived for you",
    "author": [
      "sf_pubdef_user"
    ],
    "application": 36,
    "other_next_step": "Come to our Walk-In Clinic",
    "next_steps": [
      1
    ]
  }
},
{
  "model": "intake.statusupdate",
  "pk": 43,
  "fields": {
    "created": "2017-04-10T19:39:32.659Z",
    "updated": "2017-04-10T19:39:32.685Z",
    "status_type": 1,
    "additional_information": "We may be able to get a fee waived for you",
    "author": [
      "tulare_pubdef_user"
    ],
    "application": 43,
    "other_next_step": "Come to our Walk-In Clinic",
    "next_steps": [
      1
    ]
  }
},
{
  "model": "intake.statusupdate",
  "pk": 40,
  "fields": {
    "created": "2017-04-10T19:39:32.564Z",
    "updated": "2017-04-10T19:39:32.576Z",
    "status_type": 5,
    "additional_information": "We may be able to get a fee waived for you",
    "author": [
      "santa_cruz_pubdef_user"
    ],
    "application": 40,
    "other_next_step": "Come to our Walk-In Clinic",
    "next_steps": [
      1
    ]
  }
},
{
  "model": "intake.statusupdate",
  "pk": 41,
  "fields": {
    "created": "2017-04-10T19:39:32.593Z",
    "updated": "2017-04-10T19:39:32.610Z",
    "status_type": 6,
    "additional_information": "We may be able to get a fee waived for you",
    "author": [
      "solano_pubdef_user"
    ],
    "application": 41,
    "other_next_step": "Come to our Walk-In Clinic",
    "next_steps": [
      1
    ]
  }
},
{
  "model": "intake.statusupdate",
  "pk": 44,
  "fields": {
    "created": "2017-04-10T19:39:32.710Z",
    "updated": "2017-04-10T19:39:32.747Z",
    "status_type": 2,
    "additional_information": "We may be able to get a fee waived for you",
    "author": [
      "ventura_pubdef_user"
    ],
    "application": 44,
    "other_next_step": "Come to our Walk-In Clinic",
    "next_steps": [
      1
    ]
  }
},
{
  "model": "intake.statusnotification",
  "pk": 31,
  "fields": {
    "status_update": 31,
    "contact_info": {
      "email": "bgolder+borg@codeforamerica.org"
    },
    "base_message": "Resistance is futile",
    "sent_message": "Live long and prosper",
    "created": "2017-04-10T19:39:32.196Z"
  }
},
{
  "model": "intake.statusnotification",
  "pk": 32,
  "fields": {
    "status_update": 32,
    "contact_info": {
      "email": "bgolder+borg@codeforamerica.org"
    },
    "base_message": "Resistance is futile",
    "sent_message": "Live long and prosper",
    "created": "2017-04-10T19:39:32.220Z"
  }
},
{
  "model": "intake.statusnotification",
  "pk": 33,
  "fields": {
    "status_update": 33,
    "contact_info": {
      "email": "bgolder+borg@codeforamerica.org"
    },
    "base_message": "Resistance is futile",
    "sent_message": "Live long and prosper",
    "created": "2017-04-10T19:39:32.245Z"
  }
},
{
  "model": "intake.statusnotification",
  "pk": 34,
  "fields": {
    "status_update": 34,
    "contact_info": {
      "email": "bgolder+borg@codeforamerica.org"
    },
    "base_message": "Resistance is futile",
    "sent_message": "Live long and prosper",
    "created": "2017-04-10T19:39:32.273Z"
  }
},
{
  "model": "intake.statusnotification",
  "pk": 35,
  "fields": {
    "status_update": 35,
    "contact_info": {
      "email": "bgolder+borg@codeforamerica.org"
    },
    "base_message": "Resistance is futile",
    "sent_message": "Live long and prosper",
    "created": "2017-04-10T19:39:32.296Z"
  }
},
{
  "model": "intake.statusnotification",
  "pk": 36,
  "fields": {
    "status_update": 36,
    "contact_info": {
      "email": "bgolder+borg@codeforamerica.org"
    },
    "base_message": "Resistance is futile",
    "sent_message": "Live long and prosper",
    "created": "2017-04-10T19:39:32.328Z"
  }
},
{
  "model": "intake.statusnotification",
  "pk": 37,
  "fields": {
    "status_update": 37,
    "contact_info": {
      "email": "bgolder+borg@codeforamerica.org"
    },
    "base_message": "Resistance is futile",
    "sent_message": "Live long and prosper",
    "created": "2017-04-10T19:39:32.356Z"
  }
},
{
  "model": "intake.statusnotification",
  "pk": 38,
  "fields": {
    "status_update": 38,
    "contact_info": {
      "email": "bgolder+borg@codeforamerica.org"
    },
    "base_message": "Resistance is futile",
    "sent_message": "Live long and prosper",
    "created": "2017-04-10T19:39:32.412Z"
  }
},
{
  "model": "intake.statusnotification",
  "pk": 39,
  "fields": {
    "status_update": 39,
    "contact_info": {
      "email": "bgolder+borg@codeforamerica.org"
    },
    "base_message": "Resistance is futile",
    "sent_message": "Live long and prosper",
    "created": "2017-04-10T19:39:32.536Z"
  }
},
{
  "model": "intake.statusnotification",
  "pk": 40,
  "fields": {
    "status_update": 40,
    "contact_info": {
      "email": "bgolder+borg@codeforamerica.org"
    },
    "base_message": "Resistance is futile",
    "sent_message": "Live long and prosper",
    "created": "2017-04-10T19:39:32.567Z"
  }
},
{
  "model": "intake.statusnotification",
  "pk": 41,
  "fields": {
    "status_update": 41,
    "contact_info": {
      "email": "bgolder+borg@codeforamerica.org"
    },
    "base_message": "Resistance is futile",
    "sent_message": "Live long and prosper",
    "created": "2017-04-10T19:39:32.596Z"
  }
},
{
  "model": "intake.statusnotification",
  "pk": 42,
  "fields": {
    "status_update": 42,
    "contact_info": {
      "email": "bgolder+borg@codeforamerica.org"
    },
    "base_message": "Resistance is futile",
    "sent_message": "Live long and prosper",
    "created": "2017-04-10T19:39:32.628Z"
  }
},
{
  "model": "intake.statusnotification",
  "pk": 43,
  "fields": {
    "status_update": 43,
    "contact_info": {
      "email": "bgolder+borg@codeforamerica.org"
    },
    "base_message": "Resistance is futile",
    "sent_message": "Live long and prosper",
    "created": "2017-04-10T19:39:32.662Z"
  }
},
{
  "model": "intake.statusnotification",
  "pk": 44,
  "fields": {
    "status_update": 44,
    "contact_info": {
      "email": "bgolder+borg@codeforamerica.org"
    },
    "base_message": "Resistance is futile",
    "sent_message": "Live long and prosper",
    "created": "2017-04-10T19:39:32.716Z"
  }
}
]
