[
{
  "model": "intake.visitor",
  "pk": 31,
  "fields": {
    "first_visit": "2017-04-11T23:32:34.240Z",
    "source": "share",
    "referrer": "http://bajoradefender.org/services/clean-slate/",
    "ip_address": "48.104.186.127"
  }
},
{
  "model": "intake.applicant",
  "pk": 31,
  "fields": {
    "visitor": 31
  }
},
{
  "model": "intake.formsubmission",
  "pk": 31,
  "fields": {
    "applicant": 31,
    "duplicate_set": null,
    "answers": {
      "contact_preferences": [
        "prefers_sms"
      ],
      "first_name": "Andrea",
      "middle_name": "James",
      "last_name": "Livingston",
      "preferred_pronouns": "none",
      "phone_number": "8314207603",
      "alternate_phone_number": "8314207603",
      "email": "bgolder+testing@codeforamerica.org",
      "address": {
        "street": "36880 Mary Gateway Apt. 706",
        "city": "Wilsonville",
        "state": "MI",
        "zip": "58449"
      },
      "dob": {
        "month": "6",
        "day": "23",
        "year": "2000"
      },
      "us_citizen": "yes",
      "being_charged": "yes",
      "serving_sentence": "no",
      "on_probation_parole": "yes",
      "finished_half_probation": "not_applicable",
      "reduced_probation": "no",
      "rap_outside_sf": "no",
      "when_where_outside_sf": "",
      "has_suspended_license": "no",
      "owes_court_fees": "no",
      "monthly_income": 2000,
      "on_public_benefits": "no",
      "owns_home": "no",
      "household_size": 3,
      "how_did_you_hear": "from work",
      "additional_information": "I want help",
      "understands_limits": "yes",
      "consent_to_represent": "yes",
      "declaration_letter_intro": "Odio debitis facilis distinctio impedit aperiam. Laudantium perspiciatis impedit natus eius tenetur illo similique. Voluptatem natus voluptatem asperiores quas necessitatibus.",
      "declaration_letter_life_changes": "Quae nobis possimus dolor ab sint suscipit eius. Nemo a suscipit sed occaecati sequi sint. Voluptatibus laudantium laudantium earum exercitationem. Aliquid quia vel totam magni ex autem.",
      "declaration_letter_activities": "Vero nam iste exercitationem magni sint temporibus possimus quo. Sed corrupti dicta debitis asperiores ex quod illum. Velit neque ut tempora nulla sit laboriosam incidunt provident. Eligendi consequatur molestias veniam est quia.",
      "declaration_letter_goals": "Itaque molestias molestiae maiores itaque sint minima consectetur. Consequuntur molestias eaque voluptate. Nam deleniti nemo asperiores ducimus amet voluptatum aliquid. Odit necessitatibus sed vitae sapiente dignissimos.",
      "declaration_letter_why": "Ab amet similique non eius. Neque voluptatem excepturi modi recusandae nostrum vero ut. Beatae magnam id fuga vitae ipsam magnam eveniet.",
      "currently_employed": "no",
      "income_source": "a job",
      "monthly_expenses": 2000,
      "aliases": "Andrew Barrera",
      "driver_license_or_id": "D3621364",
      "last_four": "7519",
      "case_number": "C6118-972",
      "where_probation_or_parole": "Yolo County",
      "when_probation_or_parole": "2018",
      "dependents": 1,
      "reasons_for_applying": [
        "background_check",
        "lost_job",
        "housing"
      ],
      "is_veteran": "no",
      "is_student": "no",
      "ssn": "589471682",
      "has_children": "yes",
      "is_married": "yes",
      "pfn_number": "203782"
    },
    "first_name": "Andrea",
    "last_name": "Livingston",
    "dob": null,
    "ssn": "589471682",
    "last_four": "7519",
    "drivers_license_or_id": "",
    "case_number": "C6118-972",
    "phone_number": "8314207603",
    "alternate_phone_number": "8314207603",
    "email": "bgolder+testing@codeforamerica.org",
    "reasons_for_applying": "['background_check', 'lost_job', 'housing']",
    "how_did_you_hear": "from work",
    "additional_information": "I want help",
    "aliases": "Andrew Barrera",
    "pfn_number": "203782",
    "contact_preferences": "['prefers_sms']",
    "preferred_pronouns": "none",
    "street": "36880 Mary Gateway Apt. 706",
    "city": "Wilsonville",
    "state": "MI",
    "zip": "58449",
    "us_citizen": "yes",
    "is_veteran": "no",
    "is_student": "no",
    "being_charged": "yes",
    "serving_sentence": "no",
    "on_probation_parole": "yes",
    "where_probation_or_parole": "Yolo County",
    "when_probation_or_parole": "2018",
    "finished_half_probation": "not_applicable",
    "reduced_probation": "no",
    "rap_outside_sf": "no",
    "when_where_outside_sf": "",
    "has_suspended_license": "no",
    "owes_court_fees": "no",
    "currently_employed": "no",
    "monthly_income": 2000,
    "income_source": "a job",
    "on_public_benefits": "no",
    "owns_home": "no",
    "monthly_expenses": 2000,
    "household_size": 3,
    "dependents": 1,
    "is_married": "yes",
    "has_children": "yes",
    "old_uuid": "51b1b5aa66b64db594adc2472c79087a",
    "anonymous_name": "Caring Stone",
    "date_received": "2017-04-06T02:25:01-07:00"
  }
},
{
  "model": "intake.application",
  "pk": 31,
  "fields": {
    "created": "2017-04-06T09:25:01Z",
    "updated": "2017-04-11T23:32:34.258Z",
    "organization": [
      "Alameda County Public Defender's Office"
    ],
    "form_submission": 31,
    "was_transferred_out": false
  }
},
{
  "model": "intake.application",
  "pk": 32,
  "fields": {
    "created": "2017-04-06T09:25:01Z",
    "updated": "2017-04-11T23:32:34.259Z",
    "organization": [
      "Contra Costa Public Defender"
    ],
    "form_submission": 31,
    "was_transferred_out": false
  }
},
{
  "model": "intake.application",
  "pk": 33,
  "fields": {
    "created": "2017-04-06T09:25:01Z",
    "updated": "2017-04-11T23:32:34.261Z",
    "organization": [
      "Fresno County Public Defender"
    ],
    "form_submission": 31,
    "was_transferred_out": false
  }
},
{
  "model": "intake.application",
  "pk": 34,
  "fields": {
    "created": "2017-04-06T09:25:01Z",
    "updated": "2017-04-11T23:32:34.262Z",
    "organization": [
      "Monterey County Public Defender"
    ],
    "form_submission": 31,
    "was_transferred_out": false
  }
},
{
  "model": "intake.application",
  "pk": 35,
  "fields": {
    "created": "2017-04-06T09:25:01Z",
    "updated": "2017-04-11T23:32:34.264Z",
    "organization": [
      "San Diego County Public Defender"
    ],
    "form_submission": 31,
    "was_transferred_out": false
  }
},
{
  "model": "intake.application",
  "pk": 36,
  "fields": {
    "created": "2017-04-06T09:25:01Z",
    "updated": "2017-04-11T23:32:34.265Z",
    "organization": [
      "San Francisco Public Defender"
    ],
    "form_submission": 31,
    "was_transferred_out": false
  }
},
{
  "model": "intake.application",
  "pk": 37,
  "fields": {
    "created": "2017-04-06T09:25:01Z",
    "updated": "2017-04-11T23:32:34.267Z",
    "organization": [
      "San Joaquin County Public Defender"
    ],
    "form_submission": 31,
    "was_transferred_out": false
  }
},
{
  "model": "intake.application",
  "pk": 38,
  "fields": {
    "created": "2017-04-06T09:25:01Z",
    "updated": "2017-04-11T23:32:34.268Z",
    "organization": [
      "Santa Barbara County Public Defender"
    ],
    "form_submission": 31,
    "was_transferred_out": false
  }
},
{
  "model": "intake.application",
  "pk": 39,
  "fields": {
    "created": "2017-04-06T09:25:01Z",
    "updated": "2017-04-11T23:32:34.270Z",
    "organization": [
      "Santa Clara County Public Defender"
    ],
    "form_submission": 31,
    "was_transferred_out": false
  }
},
{
  "model": "intake.application",
  "pk": 40,
  "fields": {
    "created": "2017-04-06T09:25:01Z",
    "updated": "2017-04-11T23:32:34.271Z",
    "organization": [
      "Santa Cruz County Public Defender"
    ],
    "form_submission": 31,
    "was_transferred_out": false
  }
},
{
  "model": "intake.application",
  "pk": 41,
  "fields": {
    "created": "2017-04-06T09:25:01Z",
    "updated": "2017-04-11T23:32:34.272Z",
    "organization": [
      "Solano County Public Defender"
    ],
    "form_submission": 31,
    "was_transferred_out": false
  }
},
{
  "model": "intake.application",
  "pk": 42,
  "fields": {
    "created": "2017-04-06T09:25:01Z",
    "updated": "2017-04-11T23:32:34.274Z",
    "organization": [
      "Sonoma County Public Defender"
    ],
    "form_submission": 31,
    "was_transferred_out": false
  }
},
{
  "model": "intake.application",
  "pk": 43,
  "fields": {
    "created": "2017-04-06T09:25:01Z",
    "updated": "2017-04-11T23:32:34.275Z",
    "organization": [
      "Tulare County Public Defender"
    ],
    "form_submission": 31,
    "was_transferred_out": false
  }
},
{
  "model": "intake.application",
  "pk": 44,
  "fields": {
    "created": "2017-04-06T09:25:01Z",
    "updated": "2017-04-11T23:32:34.285Z",
    "organization": [
      "Ventura County Public Defender"
    ],
    "form_submission": 31,
    "was_transferred_out": false
  }
},
{
  "model": "intake.statusupdate",
  "pk": 37,
  "fields": {
    "created": "2017-04-11T23:32:36.188Z",
    "updated": "2017-04-11T23:32:36.255Z",
    "status_type": 2,
    "additional_information": "We may be able to get a fee waived for you",
    "author": [
      "san_joaquin_pubdef_user"
    ],
    "application": 37,
    "other_next_step": "Come to our Walk-In Clinic",
    "next_steps": [
      1
    ]
  }
},
{
  "model": "intake.statusupdate",
  "pk": 31,
  "fields": {
    "created": "2017-04-11T23:32:35.964Z",
    "updated": "2017-04-11T23:32:35.975Z",
    "status_type": 3,
    "additional_information": "We may be able to get a fee waived for you",
    "author": [
      "a_pubdef_user"
    ],
    "application": 31,
    "other_next_step": "Come to our Walk-In Clinic",
    "next_steps": [
      1
    ]
  }
},
{
  "model": "intake.statusupdate",
  "pk": 42,
  "fields": {
    "created": "2017-04-11T23:32:36.489Z",
    "updated": "2017-04-11T23:32:36.502Z",
    "status_type": 7,
    "additional_information": "We may be able to get a fee waived for you",
    "author": [
      "sonoma_pubdef_user"
    ],
    "application": 42,
    "other_next_step": "Come to our Walk-In Clinic",
    "next_steps": [
      1
    ]
  }
},
{
  "model": "intake.statusupdate",
  "pk": 32,
  "fields": {
    "created": "2017-04-11T23:32:35.991Z",
    "updated": "2017-04-11T23:32:36.001Z",
    "status_type": 4,
    "additional_information": "We may be able to get a fee waived for you",
    "author": [
      "cc_pubdef_user"
    ],
    "application": 32,
    "other_next_step": "Come to our Walk-In Clinic",
    "next_steps": [
      1
    ]
  }
},
{
  "model": "intake.statusupdate",
  "pk": 38,
  "fields": {
    "created": "2017-04-11T23:32:36.318Z",
    "updated": "2017-04-11T23:32:36.381Z",
    "status_type": 3,
    "additional_information": "We may be able to get a fee waived for you",
    "author": [
      "santa_barbara_pubdef_user"
    ],
    "application": 38,
    "other_next_step": "Come to our Walk-In Clinic",
    "next_steps": [
      1
    ]
  }
},
{
  "model": "intake.statusupdate",
  "pk": 33,
  "fields": {
    "created": "2017-04-11T23:32:36.012Z",
    "updated": "2017-04-11T23:32:36.024Z",
    "status_type": 5,
    "additional_information": "We may be able to get a fee waived for you",
    "author": [
      "fresno_pubdef_user"
    ],
    "application": 33,
    "other_next_step": "Come to our Walk-In Clinic",
    "next_steps": [
      1
    ]
  }
},
{
  "model": "intake.statusupdate",
  "pk": 34,
  "fields": {
    "created": "2017-04-11T23:32:36.041Z",
    "updated": "2017-04-11T23:32:36.050Z",
    "status_type": 6,
    "additional_information": "We may be able to get a fee waived for you",
    "author": [
      "monterey_pubdef_user"
    ],
    "application": 34,
    "other_next_step": "Come to our Walk-In Clinic",
    "next_steps": [
      1
    ]
  }
},
{
  "model": "intake.statusupdate",
  "pk": 35,
  "fields": {
    "created": "2017-04-11T23:32:36.062Z",
    "updated": "2017-04-11T23:32:36.074Z",
    "status_type": 7,
    "additional_information": "We may be able to get a fee waived for you",
    "author": [
      "san_diego_pubdef_user"
    ],
    "application": 35,
    "other_next_step": "Come to our Walk-In Clinic",
    "next_steps": [
      1
    ]
  }
},
{
  "model": "intake.statusupdate",
  "pk": 39,
  "fields": {
    "created": "2017-04-11T23:32:36.394Z",
    "updated": "2017-04-11T23:32:36.419Z",
    "status_type": 4,
    "additional_information": "We may be able to get a fee waived for you",
    "author": [
      "santa_clara_pubdef_user"
    ],
    "application": 39,
    "other_next_step": "Come to our Walk-In Clinic",
    "next_steps": [
      1
    ]
  }
},
{
  "model": "intake.statusupdate",
  "pk": 36,
  "fields": {
    "created": "2017-04-11T23:32:36.092Z",
    "updated": "2017-04-11T23:32:36.115Z",
    "status_type": 1,
    "additional_information": "We may be able to get a fee waived for you",
    "author": [
      "sf_pubdef_user"
    ],
    "application": 36,
    "other_next_step": "Come to our Walk-In Clinic",
    "next_steps": [
      1
    ]
  }
},
{
  "model": "intake.statusupdate",
  "pk": 43,
  "fields": {
    "created": "2017-04-11T23:32:36.517Z",
    "updated": "2017-04-11T23:32:36.528Z",
    "status_type": 1,
    "additional_information": "We may be able to get a fee waived for you",
    "author": [
      "tulare_pubdef_user"
    ],
    "application": 43,
    "other_next_step": "Come to our Walk-In Clinic",
    "next_steps": [
      1
    ]
  }
},
{
  "model": "intake.statusupdate",
  "pk": 40,
  "fields": {
    "created": "2017-04-11T23:32:36.432Z",
    "updated": "2017-04-11T23:32:36.444Z",
    "status_type": 5,
    "additional_information": "We may be able to get a fee waived for you",
    "author": [
      "santa_cruz_pubdef_user"
    ],
    "application": 40,
    "other_next_step": "Come to our Walk-In Clinic",
    "next_steps": [
      1
    ]
  }
},
{
  "model": "intake.statusupdate",
  "pk": 41,
  "fields": {
    "created": "2017-04-11T23:32:36.459Z",
    "updated": "2017-04-11T23:32:36.473Z",
    "status_type": 6,
    "additional_information": "We may be able to get a fee waived for you",
    "author": [
      "solano_pubdef_user"
    ],
    "application": 41,
    "other_next_step": "Come to our Walk-In Clinic",
    "next_steps": [
      1
    ]
  }
},
{
  "model": "intake.statusupdate",
  "pk": 44,
  "fields": {
    "created": "2017-04-11T23:32:36.543Z",
    "updated": "2017-04-11T23:32:36.554Z",
    "status_type": 2,
    "additional_information": "We may be able to get a fee waived for you",
    "author": [
      "ventura_pubdef_user"
    ],
    "application": 44,
    "other_next_step": "Come to our Walk-In Clinic",
    "next_steps": [
      1
    ]
  }
},
{
  "model": "intake.statusnotification",
  "pk": 31,
  "fields": {
    "status_update": 31,
    "contact_info": {
      "email": "bgolder+borg@codeforamerica.org"
    },
    "base_message": "Resistance is futile",
    "sent_message": "Live long and prosper",
    "created": "2017-04-11T23:32:35.967Z"
  }
},
{
  "model": "intake.statusnotification",
  "pk": 32,
  "fields": {
    "status_update": 32,
    "contact_info": {
      "email": "bgolder+borg@codeforamerica.org"
    },
    "base_message": "Resistance is futile",
    "sent_message": "Live long and prosper",
    "created": "2017-04-11T23:32:35.994Z"
  }
},
{
  "model": "intake.statusnotification",
  "pk": 33,
  "fields": {
    "status_update": 33,
    "contact_info": {
      "email": "bgolder+borg@codeforamerica.org"
    },
    "base_message": "Resistance is futile",
    "sent_message": "Live long and prosper",
    "created": "2017-04-11T23:32:36.017Z"
  }
},
{
  "model": "intake.statusnotification",
  "pk": 34,
  "fields": {
    "status_update": 34,
    "contact_info": {
      "email": "bgolder+borg@codeforamerica.org"
    },
    "base_message": "Resistance is futile",
    "sent_message": "Live long and prosper",
    "created": "2017-04-11T23:32:36.043Z"
  }
},
{
  "model": "intake.statusnotification",
  "pk": 35,
  "fields": {
    "status_update": 35,
    "contact_info": {
      "email": "bgolder+borg@codeforamerica.org"
    },
    "base_message": "Resistance is futile",
    "sent_message": "Live long and prosper",
    "created": "2017-04-11T23:32:36.065Z"
  }
},
{
  "model": "intake.statusnotification",
  "pk": 36,
  "fields": {
    "status_update": 36,
    "contact_info": {
      "email": "bgolder+borg@codeforamerica.org"
    },
    "base_message": "Resistance is futile",
    "sent_message": "Live long and prosper",
    "created": "2017-04-11T23:32:36.095Z"
  }
},
{
  "model": "intake.statusnotification",
  "pk": 37,
  "fields": {
    "status_update": 37,
    "contact_info": {
      "email": "bgolder+borg@codeforamerica.org"
    },
    "base_message": "Resistance is futile",
    "sent_message": "Live long and prosper",
    "created": "2017-04-11T23:32:36.199Z"
  }
},
{
  "model": "intake.statusnotification",
  "pk": 38,
  "fields": {
    "status_update": 38,
    "contact_info": {
      "email": "bgolder+borg@codeforamerica.org"
    },
    "base_message": "Resistance is futile",
    "sent_message": "Live long and prosper",
    "created": "2017-04-11T23:32:36.330Z"
  }
},
{
  "model": "intake.statusnotification",
  "pk": 39,
  "fields": {
    "status_update": 39,
    "contact_info": {
      "email": "bgolder+borg@codeforamerica.org"
    },
    "base_message": "Resistance is futile",
    "sent_message": "Live long and prosper",
    "created": "2017-04-11T23:32:36.396Z"
  }
},
{
  "model": "intake.statusnotification",
  "pk": 40,
  "fields": {
    "status_update": 40,
    "contact_info": {
      "email": "bgolder+borg@codeforamerica.org"
    },
    "base_message": "Resistance is futile",
    "sent_message": "Live long and prosper",
    "created": "2017-04-11T23:32:36.435Z"
  }
},
{
  "model": "intake.statusnotification",
  "pk": 41,
  "fields": {
    "status_update": 41,
    "contact_info": {
      "email": "bgolder+borg@codeforamerica.org"
    },
    "base_message": "Resistance is futile",
    "sent_message": "Live long and prosper",
    "created": "2017-04-11T23:32:36.462Z"
  }
},
{
  "model": "intake.statusnotification",
  "pk": 42,
  "fields": {
    "status_update": 42,
    "contact_info": {
      "email": "bgolder+borg@codeforamerica.org"
    },
    "base_message": "Resistance is futile",
    "sent_message": "Live long and prosper",
    "created": "2017-04-11T23:32:36.491Z"
  }
},
{
  "model": "intake.statusnotification",
  "pk": 43,
  "fields": {
    "status_update": 43,
    "contact_info": {
      "email": "bgolder+borg@codeforamerica.org"
    },
    "base_message": "Resistance is futile",
    "sent_message": "Live long and prosper",
    "created": "2017-04-11T23:32:36.519Z"
  }
},
{
  "model": "intake.statusnotification",
  "pk": 44,
  "fields": {
    "status_update": 44,
    "contact_info": {
      "email": "bgolder+borg@codeforamerica.org"
    },
    "base_message": "Resistance is futile",
    "sent_message": "Live long and prosper",
    "created": "2017-04-11T23:32:36.545Z"
  }
}
]
