[
{
  "model": "intake.visitor",
  "pk": 68,
  "fields": {
    "first_visit": "2017-04-04T22:36:17.538Z",
    "source": "share",
    "referrer": "http://bajoradefender.org/services/clean-slate/",
    "ip_address": "48.104.186.127"
  }
},
{
  "model": "intake.applicant",
  "pk": 65,
  "fields": {
    "visitor": 68
  }
},
{
  "model": "intake.formsubmission",
  "pk": 65,
  "fields": {
    "applicant": 65,
    "duplicate_set": null,
    "answers": {
      "monthly_expenses": 2000,
      "finished_half_probation": "not_applicable",
      "how_did_you_hear": "from work",
      "when_where_outside_sf": "",
      "owes_court_fees": "yes",
      "has_suspended_license": "no",
      "understands_limits": "yes",
      "is_student": "no",
      "declaration_letter_goals": "Reiciendis aut nemo voluptas voluptatibus quasi. Porro quibusdam quaerat tempora maiores. Cumque magni aperiam accusantium molestias suscipit rem earum. Voluptates aspernatur nam voluptas voluptatibus.",
      "middle_name": "Anthony",
      "income_source": "a job",
      "dependents": 0,
      "is_veteran": "no",
      "serving_sentence": "no",
      "currently_employed": "no",
      "rap_outside_sf": "yes",
      "case_number": "C4219-607",
      "first_name": "Christine",
      "on_probation_parole": "yes",
      "email": "bgolder+testing@codeforamerica.org",
      "has_children": "no",
      "on_public_benefits": "yes",
      "ssn": "139452954",
      "declaration_letter_activities": "Sapiente architecto beatae enim mollitia consectetur delectus animi. Cumque porro cupiditate ipsa amet possimus architecto distinctio repudiandae. A aliquam recusandae similique libero suscipit ab. Hic aliquam cumque ut possimus.",
      "household_size": 3,
      "additional_information": "I want help",
      "pfn_number": "",
      "where_probation_or_parole": "Yolo County",
      "driver_license_or_id": "D2202408",
      "preferred_pronouns": "",
      "when_probation_or_parole": "2018",
      "monthly_income": 2000,
      "declaration_letter_life_changes": "Perferendis deserunt id a assumenda ducimus delectus enim. Commodi eum soluta repudiandae quis laborum. Saepe doloribus fugiat corrupti.",
      "alternate_phone_number": "8314207603",
      "contact_preferences": [
        "prefers_email",
        "prefers_sms"
      ],
      "is_married": "yes",
      "aliases": "Sherry Gray",
      "last_four": "8175",
      "us_citizen": "yes",
      "being_charged": "no",
      "declaration_letter_intro": "Illo ad harum mollitia harum incidunt similique. Laboriosam magni amet fuga labore occaecati nulla modi. Sunt ad deserunt sed repellat.",
      "reasons_for_applying": [
        "background_check",
        "lost_job",
        "housing"
      ],
      "dob": {
        "month": "7",
        "day": "5",
        "year": "1982"
      },
      "last_name": "Gonzalez",
      "consent_to_represent": "yes",
      "owns_home": "no",
      "declaration_letter_why": "Aperiam libero quod temporibus tempore facere at magnam. Ex explicabo cum itaque enim. Velit consequuntur unde perferendis veritatis at doloribus. Vero molestiae ad eius.",
      "phone_number": "8314207603",
      "address": {
        "zip": "33747",
        "state": "WA",
        "city": "Port James",
        "street": "250 James Coves Suite 907"
      },
      "reduced_probation": "no"
    },
    "first_name": "Christine",
    "last_name": "Gonzalez",
    "dob": null,
    "ssn": "139452954",
    "last_four": "8175",
    "drivers_license_or_id": "",
    "case_number": "C4219-607",
    "phone_number": "8314207603",
    "alternate_phone_number": "8314207603",
    "email": "bgolder+testing@codeforamerica.org",
    "old_uuid": "c9d3311b47064ccaac3ccfa95f994566",
    "anonymous_name": "Kind Chameleon",
    "date_received": "2017-03-31T00:44:37-07:00"
  }
},
{
  "model": "intake.application",
  "pk": 80,
  "fields": {
    "created": "2017-03-31T07:44:37Z",
    "updated": "2017-04-04T22:36:17.551Z",
    "organization": [
      "Alameda County Public Defender's Office"
    ],
    "form_submission": 65,
    "was_transferred_out": false
  }
},
{
  "model": "intake.application",
  "pk": 81,
  "fields": {
    "created": "2017-03-31T07:44:37Z",
    "updated": "2017-04-04T22:36:17.552Z",
    "organization": [
      "Contra Costa Public Defender"
    ],
    "form_submission": 65,
    "was_transferred_out": false
  }
},
{
  "model": "intake.application",
  "pk": 82,
  "fields": {
    "created": "2017-03-31T07:44:37Z",
    "updated": "2017-04-04T22:36:17.553Z",
    "organization": [
      "Fresno County Public Defender"
    ],
    "form_submission": 65,
    "was_transferred_out": false
  }
},
{
  "model": "intake.application",
  "pk": 83,
  "fields": {
    "created": "2017-03-31T07:44:37Z",
    "updated": "2017-04-04T22:36:17.555Z",
    "organization": [
      "Monterey County Public Defender"
    ],
    "form_submission": 65,
    "was_transferred_out": false
  }
},
{
  "model": "intake.application",
  "pk": 84,
  "fields": {
    "created": "2017-03-31T07:44:37Z",
    "updated": "2017-04-04T22:36:17.556Z",
    "organization": [
      "San Diego County Public Defender"
    ],
    "form_submission": 65,
    "was_transferred_out": false
  }
},
{
  "model": "intake.application",
  "pk": 85,
  "fields": {
    "created": "2017-03-31T07:44:37Z",
    "updated": "2017-04-04T22:36:17.558Z",
    "organization": [
      "San Francisco Public Defender"
    ],
    "form_submission": 65,
    "was_transferred_out": false
  }
},
{
  "model": "intake.application",
  "pk": 86,
  "fields": {
    "created": "2017-03-31T07:44:37Z",
    "updated": "2017-04-04T22:36:17.559Z",
    "organization": [
      "San Joaquin County Public Defender"
    ],
    "form_submission": 65,
    "was_transferred_out": false
  }
},
{
  "model": "intake.application",
  "pk": 87,
  "fields": {
    "created": "2017-03-31T07:44:37Z",
    "updated": "2017-04-04T22:36:17.560Z",
    "organization": [
      "Santa Barbara County Public Defender"
    ],
    "form_submission": 65,
    "was_transferred_out": false
  }
},
{
  "model": "intake.application",
  "pk": 88,
  "fields": {
    "created": "2017-03-31T07:44:37Z",
    "updated": "2017-04-04T22:36:17.561Z",
    "organization": [
      "Santa Clara County Public Defender"
    ],
    "form_submission": 65,
    "was_transferred_out": false
  }
},
{
  "model": "intake.application",
  "pk": 89,
  "fields": {
    "created": "2017-03-31T07:44:37Z",
    "updated": "2017-04-04T22:36:17.563Z",
    "organization": [
      "Santa Cruz County Public Defender"
    ],
    "form_submission": 65,
    "was_transferred_out": false
  }
},
{
  "model": "intake.application",
  "pk": 90,
  "fields": {
    "created": "2017-03-31T07:44:37Z",
    "updated": "2017-04-04T22:36:17.564Z",
    "organization": [
      "Solano County Public Defender"
    ],
    "form_submission": 65,
    "was_transferred_out": false
  }
},
{
  "model": "intake.application",
  "pk": 91,
  "fields": {
    "created": "2017-03-31T07:44:37Z",
    "updated": "2017-04-04T22:36:17.565Z",
    "organization": [
      "Sonoma County Public Defender"
    ],
    "form_submission": 65,
    "was_transferred_out": false
  }
},
{
  "model": "intake.application",
  "pk": 92,
  "fields": {
    "created": "2017-03-31T07:44:37Z",
    "updated": "2017-04-04T22:36:17.566Z",
    "organization": [
      "Tulare County Public Defender"
    ],
    "form_submission": 65,
    "was_transferred_out": false
  }
},
{
  "model": "intake.application",
  "pk": 93,
  "fields": {
    "created": "2017-03-31T07:44:37Z",
    "updated": "2017-04-04T22:36:17.568Z",
    "organization": [
      "Ventura County Public Defender"
    ],
    "form_submission": 65,
    "was_transferred_out": false
  }
},
{
  "model": "intake.statusupdate",
  "pk": 85,
  "fields": {
    "created": "2017-04-04T22:36:18.104Z",
    "updated": "2017-04-04T22:36:18.111Z",
    "status_type": 2,
    "additional_information": "We may be able to get a fee waived for you",
    "author": [
      "san_joaquin_pubdef_user"
    ],
    "application": 86,
    "other_next_step": "Come to our Walk-In Clinic",
    "next_steps": [
      1
    ]
  }
},
{
  "model": "intake.statusupdate",
  "pk": 86,
  "fields": {
    "created": "2017-04-04T22:36:18.119Z",
    "updated": "2017-04-04T22:36:18.126Z",
    "status_type": 3,
    "additional_information": "We may be able to get a fee waived for you",
    "author": [
      "santa_barbara_pubdef_user"
    ],
    "application": 87,
    "other_next_step": "Come to our Walk-In Clinic",
    "next_steps": [
      1
    ]
  }
},
{
  "model": "intake.statusupdate",
  "pk": 87,
  "fields": {
    "created": "2017-04-04T22:36:18.133Z",
    "updated": "2017-04-04T22:36:18.141Z",
    "status_type": 4,
    "additional_information": "We may be able to get a fee waived for you",
    "author": [
      "santa_clara_pubdef_user"
    ],
    "application": 88,
    "other_next_step": "Come to our Walk-In Clinic",
    "next_steps": [
      1
    ]
  }
},
{
  "model": "intake.statusupdate",
  "pk": 88,
  "fields": {
    "created": "2017-04-04T22:36:18.148Z",
    "updated": "2017-04-04T22:36:18.155Z",
    "status_type": 5,
    "additional_information": "We may be able to get a fee waived for you",
    "author": [
      "santa_cruz_pubdef_user"
    ],
    "application": 89,
    "other_next_step": "Come to our Walk-In Clinic",
    "next_steps": [
      1
    ]
  }
},
{
  "model": "intake.statusupdate",
  "pk": 79,
  "fields": {
    "created": "2017-04-04T22:36:18.015Z",
    "updated": "2017-04-04T22:36:18.022Z",
    "status_type": 3,
    "additional_information": "We may be able to get a fee waived for you",
    "author": [
      "a_pubdef_user"
    ],
    "application": 80,
    "other_next_step": "Come to our Walk-In Clinic",
    "next_steps": [
      1
    ]
  }
},
{
  "model": "intake.statusupdate",
  "pk": 89,
  "fields": {
    "created": "2017-04-04T22:36:18.162Z",
    "updated": "2017-04-04T22:36:18.170Z",
    "status_type": 6,
    "additional_information": "We may be able to get a fee waived for you",
    "author": [
      "solano_pubdef_user"
    ],
    "application": 90,
    "other_next_step": "Come to our Walk-In Clinic",
    "next_steps": [
      1
    ]
  }
},
{
  "model": "intake.statusupdate",
  "pk": 80,
  "fields": {
    "created": "2017-04-04T22:36:18.029Z",
    "updated": "2017-04-04T22:36:18.036Z",
    "status_type": 4,
    "additional_information": "We may be able to get a fee waived for you",
    "author": [
      "cc_pubdef_user"
    ],
    "application": 81,
    "other_next_step": "Come to our Walk-In Clinic",
    "next_steps": [
      1
    ]
  }
},
{
  "model": "intake.statusupdate",
  "pk": 81,
  "fields": {
    "created": "2017-04-04T22:36:18.043Z",
    "updated": "2017-04-04T22:36:18.051Z",
    "status_type": 5,
    "additional_information": "We may be able to get a fee waived for you",
    "author": [
      "fresno_pubdef_user"
    ],
    "application": 82,
    "other_next_step": "Come to our Walk-In Clinic",
    "next_steps": [
      1
    ]
  }
},
{
  "model": "intake.statusupdate",
  "pk": 82,
  "fields": {
    "created": "2017-04-04T22:36:18.059Z",
    "updated": "2017-04-04T22:36:18.066Z",
    "status_type": 6,
    "additional_information": "We may be able to get a fee waived for you",
    "author": [
      "monterey_pubdef_user"
    ],
    "application": 83,
    "other_next_step": "Come to our Walk-In Clinic",
    "next_steps": [
      1
    ]
  }
},
{
  "model": "intake.statusupdate",
  "pk": 90,
  "fields": {
    "created": "2017-04-04T22:36:18.178Z",
    "updated": "2017-04-04T22:36:18.186Z",
    "status_type": 7,
    "additional_information": "We may be able to get a fee waived for you",
    "author": [
      "sonoma_pubdef_user"
    ],
    "application": 91,
    "other_next_step": "Come to our Walk-In Clinic",
    "next_steps": [
      1
    ]
  }
},
{
  "model": "intake.statusupdate",
  "pk": 83,
  "fields": {
    "created": "2017-04-04T22:36:18.074Z",
    "updated": "2017-04-04T22:36:18.081Z",
    "status_type": 7,
    "additional_information": "We may be able to get a fee waived for you",
    "author": [
      "san_diego_pubdef_user"
    ],
    "application": 84,
    "other_next_step": "Come to our Walk-In Clinic",
    "next_steps": [
      1
    ]
  }
},
{
  "model": "intake.statusupdate",
  "pk": 84,
  "fields": {
    "created": "2017-04-04T22:36:18.089Z",
    "updated": "2017-04-04T22:36:18.096Z",
    "status_type": 1,
    "additional_information": "We may be able to get a fee waived for you",
    "author": [
      "sf_pubdef_user"
    ],
    "application": 85,
    "other_next_step": "Come to our Walk-In Clinic",
    "next_steps": [
      1
    ]
  }
},
{
  "model": "intake.statusupdate",
  "pk": 91,
  "fields": {
    "created": "2017-04-04T22:36:18.194Z",
    "updated": "2017-04-04T22:36:18.204Z",
    "status_type": 1,
    "additional_information": "We may be able to get a fee waived for you",
    "author": [
      "tulare_pubdef_user"
    ],
    "application": 92,
    "other_next_step": "Come to our Walk-In Clinic",
    "next_steps": [
      1
    ]
  }
},
{
  "model": "intake.statusupdate",
  "pk": 92,
  "fields": {
    "created": "2017-04-04T22:36:18.212Z",
    "updated": "2017-04-04T22:36:18.219Z",
    "status_type": 2,
    "additional_information": "We may be able to get a fee waived for you",
    "author": [
      "ventura_pubdef_user"
    ],
    "application": 93,
    "other_next_step": "Come to our Walk-In Clinic",
    "next_steps": [
      1
    ]
  }
},
{
  "model": "intake.statusnotification",
  "pk": 85,
  "fields": {
    "status_update": 85,
    "contact_info": {
      "email": "bgolder+borg@codeforamerica.org"
    },
    "base_message": "Resistance is futile",
    "sent_message": "Live long and prosper",
    "created": "2017-04-04T22:36:18.105Z"
  }
},
{
  "model": "intake.statusnotification",
  "pk": 82,
  "fields": {
    "status_update": 82,
    "contact_info": {
      "email": "bgolder+borg@codeforamerica.org"
    },
    "base_message": "Resistance is futile",
    "sent_message": "Live long and prosper",
    "created": "2017-04-04T22:36:18.060Z"
  }
},
{
  "model": "intake.statusnotification",
  "pk": 81,
  "fields": {
    "status_update": 81,
    "contact_info": {
      "email": "bgolder+borg@codeforamerica.org"
    },
    "base_message": "Resistance is futile",
    "sent_message": "Live long and prosper",
    "created": "2017-04-04T22:36:18.045Z"
  }
},
{
  "model": "intake.statusnotification",
  "pk": 83,
  "fields": {
    "status_update": 83,
    "contact_info": {
      "email": "bgolder+borg@codeforamerica.org"
    },
    "base_message": "Resistance is futile",
    "sent_message": "Live long and prosper",
    "created": "2017-04-04T22:36:18.075Z"
  }
},
{
  "model": "intake.statusnotification",
  "pk": 87,
  "fields": {
    "status_update": 87,
    "contact_info": {
      "email": "bgolder+borg@codeforamerica.org"
    },
    "base_message": "Resistance is futile",
    "sent_message": "Live long and prosper",
    "created": "2017-04-04T22:36:18.135Z"
  }
},
{
  "model": "intake.statusnotification",
  "pk": 84,
  "fields": {
    "status_update": 84,
    "contact_info": {
      "email": "bgolder+borg@codeforamerica.org"
    },
    "base_message": "Resistance is futile",
    "sent_message": "Live long and prosper",
    "created": "2017-04-04T22:36:18.090Z"
  }
},
{
  "model": "intake.statusnotification",
  "pk": 88,
  "fields": {
    "status_update": 88,
    "contact_info": {
      "email": "bgolder+borg@codeforamerica.org"
    },
    "base_message": "Resistance is futile",
    "sent_message": "Live long and prosper",
    "created": "2017-04-04T22:36:18.150Z"
  }
},
{
  "model": "intake.statusnotification",
  "pk": 79,
  "fields": {
    "status_update": 79,
    "contact_info": {
      "email": "bgolder+borg@codeforamerica.org"
    },
    "base_message": "Resistance is futile",
    "sent_message": "Live long and prosper",
    "created": "2017-04-04T22:36:18.017Z"
  }
},
{
  "model": "intake.statusnotification",
  "pk": 91,
  "fields": {
    "status_update": 91,
    "contact_info": {
      "email": "bgolder+borg@codeforamerica.org"
    },
    "base_message": "Resistance is futile",
    "sent_message": "Live long and prosper",
    "created": "2017-04-04T22:36:18.196Z"
  }
},
{
  "model": "intake.statusnotification",
  "pk": 92,
  "fields": {
    "status_update": 92,
    "contact_info": {
      "email": "bgolder+borg@codeforamerica.org"
    },
    "base_message": "Resistance is futile",
    "sent_message": "Live long and prosper",
    "created": "2017-04-04T22:36:18.213Z"
  }
},
{
  "model": "intake.statusnotification",
  "pk": 86,
  "fields": {
    "status_update": 86,
    "contact_info": {
      "email": "bgolder+borg@codeforamerica.org"
    },
    "base_message": "Resistance is futile",
    "sent_message": "Live long and prosper",
    "created": "2017-04-04T22:36:18.120Z"
  }
},
{
  "model": "intake.statusnotification",
  "pk": 80,
  "fields": {
    "status_update": 80,
    "contact_info": {
      "email": "bgolder+borg@codeforamerica.org"
    },
    "base_message": "Resistance is futile",
    "sent_message": "Live long and prosper",
    "created": "2017-04-04T22:36:18.031Z"
  }
},
{
  "model": "intake.statusnotification",
  "pk": 90,
  "fields": {
    "status_update": 90,
    "contact_info": {
      "email": "bgolder+borg@codeforamerica.org"
    },
    "base_message": "Resistance is futile",
    "sent_message": "Live long and prosper",
    "created": "2017-04-04T22:36:18.180Z"
  }
},
{
  "model": "intake.statusnotification",
  "pk": 89,
  "fields": {
    "status_update": 89,
    "contact_info": {
      "email": "bgolder+borg@codeforamerica.org"
    },
    "base_message": "Resistance is futile",
    "sent_message": "Live long and prosper",
    "created": "2017-04-04T22:36:18.164Z"
  }
}
]
