[
{
  "model": "intake.visitor",
  "pk": 81,
  "fields": {
    "uuid": "941c9548-a44a-4c15-95c1-6aaf3b78244a",
    "first_visit": "2017-05-23T18:41:01.990Z",
    "source": "share",
    "referrer": "http://bajoradefender.org/services/clean-slate/",
    "ip_address": "48.104.186.127"
  }
},
{
  "model": "intake.applicant",
  "pk": 66,
  "fields": {
    "visitor": 81
  }
},
{
  "model": "intake.formsubmission",
  "pk": 66,
  "fields": {
    "applicant": 66,
    "duplicate_set": null,
    "answers": {
      "contact_preferences": [
        "prefers_sms"
      ],
      "first_name": "Jeffrey",
      "middle_name": "Christina",
      "last_name": "Williams",
      "preferred_pronouns": "she",
      "phone_number": "4152124848",
      "alternate_phone_number": "4152124848",
      "email": "cmrtestuser@gmail.com",
      "address": {
        "street": "9243 Harrison Village Suite 178",
        "city": "South Robert",
        "state": "NV",
        "zip": "93662"
      },
      "dob": {
        "month": "6",
        "day": "20",
        "year": "1990"
      },
      "us_citizen": "yes",
      "being_charged": "no",
      "serving_sentence": "no",
      "on_probation_parole": "yes",
      "finished_half_probation": "not_applicable",
      "reduced_probation": "yes",
      "rap_outside_sf": "yes",
      "when_where_outside_sf": "",
      "has_suspended_license": "no",
      "owes_court_fees": "yes",
      "monthly_income": 2000,
      "on_public_benefits": "yes",
      "owns_home": "no",
      "household_size": 1,
      "how_did_you_hear": "from work",
      "additional_information": "I want help",
      "understands_limits": "yes",
      "consent_to_represent": "yes",
      "declaration_letter_intro": "Numquam accusamus voluptates dignissimos sapiente. Suscipit ea laboriosam ducimus commodi deserunt. Explicabo laborum ex porro nam qui aliquid. Voluptatum debitis aliquam numquam ratione.",
      "declaration_letter_life_changes": "Labore odio magnam laboriosam. Tempore at alias dolores in necessitatibus. Aliquam dicta excepturi fugit alias incidunt. Ad aut provident fuga similique quibusdam adipisci aliquid.",
      "declaration_letter_activities": "Magni itaque nihil voluptatum nobis. Aut amet expedita alias. Dicta cum aliquam voluptatum repudiandae.",
      "declaration_letter_goals": "Vero mollitia voluptatem non quae dolor sequi itaque. Eaque omnis sint eius ad dicta provident beatae sed. Dicta voluptatum vel odio libero ad quas. Ab recusandae fugiat provident repellendus commodi est.",
      "declaration_letter_why": "Laboriosam corporis laudantium error temporibus earum quam est quasi. Quaerat assumenda tempore similique suscipit repellendus. Voluptas dignissimos voluptatum neque sapiente nam voluptate et blanditiis. Sint dolorum culpa molestias molestiae.",
      "currently_employed": "no",
      "income_source": "a job",
      "monthly_expenses": 2000,
      "aliases": "",
      "driver_license_or_id": "D6394828",
      "last_four": "6452",
      "case_number": "C9140-701",
      "where_probation_or_parole": "Yolo County",
      "when_probation_or_parole": "2018",
      "dependents": 2,
      "reasons_for_applying": [
        "lost_job",
        "homeless"
      ],
      "is_veteran": "no",
      "is_student": "no",
      "ssn": "666789185",
      "how_much_savings": 2000,
      "is_married": "no",
      "pfn_number": "005785",
      "has_children": "yes",
      "is_california_resident": "yes",
      "how_long_california_resident": "6 months"
    },
    "has_been_sent_followup": false,
    "first_name": "Jeffrey",
    "last_name": "Williams",
    "dob": null,
    "ssn": "666789185",
    "last_four": "6452",
    "drivers_license_or_id": "",
    "case_number": "C9140-701",
    "phone_number": "4152124848",
    "alternate_phone_number": "4152124848",
    "email": "cmrtestuser@gmail.com",
    "reasons_for_applying": "['lost_job', 'homeless']",
    "how_did_you_hear": "from work",
    "additional_information": "I want help",
    "aliases": "",
    "pfn_number": "005785",
    "contact_preferences": "['prefers_sms']",
    "preferred_pronouns": "she",
    "street": "9243 Harrison Village Suite 178",
    "city": "South Robert",
    "state": "NV",
    "zip": "93662",
    "us_citizen": "yes",
    "is_veteran": "no",
    "is_student": "no",
    "being_charged": "no",
    "serving_sentence": "no",
    "on_probation_parole": "yes",
    "where_probation_or_parole": "Yolo County",
    "when_probation_or_parole": "2018",
    "finished_half_probation": "not_applicable",
    "reduced_probation": "yes",
    "rap_outside_sf": "yes",
    "when_where_outside_sf": "",
    "has_suspended_license": "no",
    "owes_court_fees": "yes",
    "currently_employed": "no",
    "monthly_income": 2000,
    "income_source": "a job",
    "on_public_benefits": "yes",
    "owns_home": "no",
    "monthly_expenses": 2000,
    "household_size": 1,
    "dependents": 2,
    "is_married": "no",
    "has_children": "yes",
    "old_uuid": "557b0fd5b375471f8504d5826f4b202e",
    "anonymous_name": "Ethereal Mushroom",
    "date_received": "2017-05-17T10:39:17-07:00"
  }
},
{
  "model": "intake.application",
  "pk": 81,
  "fields": {
    "created": "2017-05-17T17:39:17Z",
    "updated": "2017-05-23T18:41:02.006Z",
    "organization": [
      "Alameda County Public Defender's Office"
    ],
    "form_submission": 66,
    "was_transferred_out": false,
    "has_been_opened": false
  }
},
{
  "model": "intake.application",
  "pk": 82,
  "fields": {
    "created": "2017-05-17T17:39:17Z",
    "updated": "2017-05-23T18:41:02.007Z",
    "organization": [
      "Contra Costa Public Defender"
    ],
    "form_submission": 66,
    "was_transferred_out": false,
    "has_been_opened": false
  }
},
{
  "model": "intake.application",
  "pk": 83,
  "fields": {
    "created": "2017-05-17T17:39:17Z",
    "updated": "2017-05-23T18:41:02.009Z",
    "organization": [
      "Fresno County Public Defender"
    ],
    "form_submission": 66,
    "was_transferred_out": false,
    "has_been_opened": false
  }
},
{
  "model": "intake.application",
  "pk": 84,
  "fields": {
    "created": "2017-05-17T17:39:17Z",
    "updated": "2017-05-23T18:41:02.010Z",
    "organization": [
      "Monterey County Public Defender"
    ],
    "form_submission": 66,
    "was_transferred_out": false,
    "has_been_opened": false
  }
},
{
  "model": "intake.application",
  "pk": 85,
  "fields": {
    "created": "2017-05-17T17:39:17Z",
    "updated": "2017-05-23T18:41:02.011Z",
    "organization": [
      "San Diego County Public Defender"
    ],
    "form_submission": 66,
    "was_transferred_out": false,
    "has_been_opened": false
  }
},
{
  "model": "intake.application",
  "pk": 86,
  "fields": {
    "created": "2017-05-17T17:39:17Z",
    "updated": "2017-05-23T18:41:02.012Z",
    "organization": [
      "San Francisco Public Defender"
    ],
    "form_submission": 66,
    "was_transferred_out": false,
    "has_been_opened": false
  }
},
{
  "model": "intake.application",
  "pk": 87,
  "fields": {
    "created": "2017-05-17T17:39:17Z",
    "updated": "2017-05-23T18:41:02.013Z",
    "organization": [
      "San Joaquin County Public Defender"
    ],
    "form_submission": 66,
    "was_transferred_out": false,
    "has_been_opened": false
  }
},
{
  "model": "intake.application",
  "pk": 88,
  "fields": {
    "created": "2017-05-17T17:39:17Z",
    "updated": "2017-05-23T18:41:02.014Z",
    "organization": [
      "Santa Barbara County Public Defender"
    ],
    "form_submission": 66,
    "was_transferred_out": false,
    "has_been_opened": false
  }
},
{
  "model": "intake.application",
  "pk": 89,
  "fields": {
    "created": "2017-05-17T17:39:17Z",
    "updated": "2017-05-23T18:41:02.016Z",
    "organization": [
      "Santa Clara County Public Defender"
    ],
    "form_submission": 66,
    "was_transferred_out": false,
    "has_been_opened": false
  }
},
{
  "model": "intake.application",
  "pk": 90,
  "fields": {
    "created": "2017-05-17T17:39:17Z",
    "updated": "2017-05-23T18:41:02.017Z",
    "organization": [
      "Santa Cruz County Public Defender"
    ],
    "form_submission": 66,
    "was_transferred_out": false,
    "has_been_opened": false
  }
},
{
  "model": "intake.application",
  "pk": 91,
  "fields": {
    "created": "2017-05-17T17:39:17Z",
    "updated": "2017-05-23T18:41:02.019Z",
    "organization": [
      "Solano County Public Defender"
    ],
    "form_submission": 66,
    "was_transferred_out": false,
    "has_been_opened": false
  }
},
{
  "model": "intake.application",
  "pk": 92,
  "fields": {
    "created": "2017-05-17T17:39:17Z",
    "updated": "2017-05-23T18:41:02.020Z",
    "organization": [
      "Sonoma County Public Defender"
    ],
    "form_submission": 66,
    "was_transferred_out": false,
    "has_been_opened": false
  }
},
{
  "model": "intake.application",
  "pk": 93,
  "fields": {
    "created": "2017-05-17T17:39:17Z",
    "updated": "2017-05-23T18:41:02.021Z",
    "organization": [
      "Tulare County Public Defender"
    ],
    "form_submission": 66,
    "was_transferred_out": false,
    "has_been_opened": false
  }
},
{
  "model": "intake.application",
  "pk": 94,
  "fields": {
    "created": "2017-05-17T17:39:17Z",
    "updated": "2017-05-23T18:41:02.022Z",
    "organization": [
      "Ventura County Public Defender"
    ],
    "form_submission": 66,
    "was_transferred_out": false,
    "has_been_opened": false
  }
},
{
  "model": "intake.statusupdate",
  "pk": 87,
  "fields": {
    "created": "2017-05-23T18:41:03.179Z",
    "updated": "2017-05-23T18:41:03.223Z",
    "status_type": 4,
    "additional_information": "We may be able to get a fee waived for you",
    "author": [
      "santa_clara_pubdef_user"
    ],
    "application": 89,
    "other_next_step": "Come to our Walk-In Clinic",
    "next_steps": [
      1
    ]
  }
},
{
  "model": "intake.statusupdate",
  "pk": 79,
  "fields": {
    "created": "2017-05-23T18:41:02.947Z",
    "updated": "2017-05-23T18:41:02.956Z",
    "status_type": 3,
    "additional_information": "We may be able to get a fee waived for you",
    "author": [
      "a_pubdef_user"
    ],
    "application": 81,
    "other_next_step": "Come to our Walk-In Clinic",
    "next_steps": [
      1
    ]
  }
},
{
  "model": "intake.statusupdate",
  "pk": 88,
  "fields": {
    "created": "2017-05-23T18:41:03.282Z",
    "updated": "2017-05-23T18:41:03.323Z",
    "status_type": 5,
    "additional_information": "We may be able to get a fee waived for you",
    "author": [
      "santa_cruz_pubdef_user"
    ],
    "application": 90,
    "other_next_step": "Come to our Walk-In Clinic",
    "next_steps": [
      1
    ]
  }
},
{
  "model": "intake.statusupdate",
  "pk": 80,
  "fields": {
    "created": "2017-05-23T18:41:02.967Z",
    "updated": "2017-05-23T18:41:02.977Z",
    "status_type": 4,
    "additional_information": "We may be able to get a fee waived for you",
    "author": [
      "cc_pubdef_user"
    ],
    "application": 82,
    "other_next_step": "Come to our Walk-In Clinic",
    "next_steps": [
      1
    ]
  }
},
{
  "model": "intake.statusupdate",
  "pk": 81,
  "fields": {
    "created": "2017-05-23T18:41:02.989Z",
    "updated": "2017-05-23T18:41:02.997Z",
    "status_type": 5,
    "additional_information": "We may be able to get a fee waived for you",
    "author": [
      "fresno_pubdef_user"
    ],
    "application": 83,
    "other_next_step": "Come to our Walk-In Clinic",
    "next_steps": [
      1
    ]
  }
},
{
  "model": "intake.statusupdate",
  "pk": 82,
  "fields": {
    "created": "2017-05-23T18:41:03.010Z",
    "updated": "2017-05-23T18:41:03.019Z",
    "status_type": 6,
    "additional_information": "We may be able to get a fee waived for you",
    "author": [
      "monterey_pubdef_user"
    ],
    "application": 84,
    "other_next_step": "Come to our Walk-In Clinic",
    "next_steps": [
      1
    ]
  }
},
{
  "model": "intake.statusupdate",
  "pk": 89,
  "fields": {
    "created": "2017-05-23T18:41:03.352Z",
    "updated": "2017-05-23T18:41:03.379Z",
    "status_type": 6,
    "additional_information": "We may be able to get a fee waived for you",
    "author": [
      "solano_pubdef_user"
    ],
    "application": 91,
    "other_next_step": "Come to our Walk-In Clinic",
    "next_steps": [
      1
    ]
  }
},
{
  "model": "intake.statusupdate",
  "pk": 83,
  "fields": {
    "created": "2017-05-23T18:41:03.032Z",
    "updated": "2017-05-23T18:41:03.043Z",
    "status_type": 7,
    "additional_information": "We may be able to get a fee waived for you",
    "author": [
      "san_diego_pubdef_user"
    ],
    "application": 85,
    "other_next_step": "Come to our Walk-In Clinic",
    "next_steps": [
      1
    ]
  }
},
{
  "model": "intake.statusupdate",
  "pk": 84,
  "fields": {
    "created": "2017-05-23T18:41:03.057Z",
    "updated": "2017-05-23T18:41:03.067Z",
    "status_type": 1,
    "additional_information": "We may be able to get a fee waived for you",
    "author": [
      "sf_pubdef_user"
    ],
    "application": 86,
    "other_next_step": "Come to our Walk-In Clinic",
    "next_steps": [
      1
    ]
  }
},
{
  "model": "intake.statusupdate",
  "pk": 85,
  "fields": {
    "created": "2017-05-23T18:41:03.087Z",
    "updated": "2017-05-23T18:41:03.108Z",
    "status_type": 2,
    "additional_information": "We may be able to get a fee waived for you",
    "author": [
      "san_joaquin_pubdef_user"
    ],
    "application": 87,
    "other_next_step": "Come to our Walk-In Clinic",
    "next_steps": [
      1
    ]
  }
},
{
  "model": "intake.statusupdate",
  "pk": 90,
  "fields": {
    "created": "2017-05-23T18:41:03.398Z",
    "updated": "2017-05-23T18:41:03.412Z",
    "status_type": 7,
    "additional_information": "We may be able to get a fee waived for you",
    "author": [
      "sonoma_pubdef_user"
    ],
    "application": 92,
    "other_next_step": "Come to our Walk-In Clinic",
    "next_steps": [
      1
    ]
  }
},
{
  "model": "intake.statusupdate",
  "pk": 86,
  "fields": {
    "created": "2017-05-23T18:41:03.124Z",
    "updated": "2017-05-23T18:41:03.139Z",
    "status_type": 3,
    "additional_information": "We may be able to get a fee waived for you",
    "author": [
      "santa_barbara_pubdef_user"
    ],
    "application": 88,
    "other_next_step": "Come to our Walk-In Clinic",
    "next_steps": [
      1
    ]
  }
},
{
  "model": "intake.statusupdate",
  "pk": 91,
  "fields": {
    "created": "2017-05-23T18:41:03.438Z",
    "updated": "2017-05-23T18:41:03.497Z",
    "status_type": 1,
    "additional_information": "We may be able to get a fee waived for you",
    "author": [
      "tulare_pubdef_user"
    ],
    "application": 93,
    "other_next_step": "Come to our Walk-In Clinic",
    "next_steps": [
      1
    ]
  }
},
{
  "model": "intake.statusupdate",
  "pk": 92,
  "fields": {
    "created": "2017-05-23T18:41:03.513Z",
    "updated": "2017-05-23T18:41:03.526Z",
    "status_type": 2,
    "additional_information": "We may be able to get a fee waived for you",
    "author": [
      "ventura_pubdef_user"
    ],
    "application": 94,
    "other_next_step": "Come to our Walk-In Clinic",
    "next_steps": [
      1
    ]
  }
},
{
  "model": "intake.statusnotification",
  "pk": 79,
  "fields": {
    "status_update": 79,
    "contact_info": {
      "email": "cmrtestuser+notification@gmail.com"
    },
    "base_message": "Resistance is futile",
    "sent_message": "Live long and prosper",
    "created": "2017-05-23T18:41:02.949Z"
  }
},
{
  "model": "intake.statusnotification",
  "pk": 80,
  "fields": {
    "status_update": 80,
    "contact_info": {
      "email": "cmrtestuser+notification@gmail.com"
    },
    "base_message": "Resistance is futile",
    "sent_message": "Live long and prosper",
    "created": "2017-05-23T18:41:02.969Z"
  }
},
{
  "model": "intake.statusnotification",
  "pk": 81,
  "fields": {
    "status_update": 81,
    "contact_info": {
      "email": "cmrtestuser+notification@gmail.com"
    },
    "base_message": "Resistance is futile",
    "sent_message": "Live long and prosper",
    "created": "2017-05-23T18:41:02.991Z"
  }
},
{
  "model": "intake.statusnotification",
  "pk": 82,
  "fields": {
    "status_update": 82,
    "contact_info": {
      "email": "cmrtestuser+notification@gmail.com"
    },
    "base_message": "Resistance is futile",
    "sent_message": "Live long and prosper",
    "created": "2017-05-23T18:41:03.012Z"
  }
},
{
  "model": "intake.statusnotification",
  "pk": 83,
  "fields": {
    "status_update": 83,
    "contact_info": {
      "email": "cmrtestuser+notification@gmail.com"
    },
    "base_message": "Resistance is futile",
    "sent_message": "Live long and prosper",
    "created": "2017-05-23T18:41:03.034Z"
  }
},
{
  "model": "intake.statusnotification",
  "pk": 84,
  "fields": {
    "status_update": 84,
    "contact_info": {
      "email": "cmrtestuser+notification@gmail.com"
    },
    "base_message": "Resistance is futile",
    "sent_message": "Live long and prosper",
    "created": "2017-05-23T18:41:03.059Z"
  }
},
{
  "model": "intake.statusnotification",
  "pk": 85,
  "fields": {
    "status_update": 85,
    "contact_info": {
      "email": "cmrtestuser+notification@gmail.com"
    },
    "base_message": "Resistance is futile",
    "sent_message": "Live long and prosper",
    "created": "2017-05-23T18:41:03.090Z"
  }
},
{
  "model": "intake.statusnotification",
  "pk": 86,
  "fields": {
    "status_update": 86,
    "contact_info": {
      "email": "cmrtestuser+notification@gmail.com"
    },
    "base_message": "Resistance is futile",
    "sent_message": "Live long and prosper",
    "created": "2017-05-23T18:41:03.125Z"
  }
},
{
  "model": "intake.statusnotification",
  "pk": 87,
  "fields": {
    "status_update": 87,
    "contact_info": {
      "email": "cmrtestuser+notification@gmail.com"
    },
    "base_message": "Resistance is futile",
    "sent_message": "Live long and prosper",
    "created": "2017-05-23T18:41:03.187Z"
  }
},
{
  "model": "intake.statusnotification",
  "pk": 88,
  "fields": {
    "status_update": 88,
    "contact_info": {
      "email": "cmrtestuser+notification@gmail.com"
    },
    "base_message": "Resistance is futile",
    "sent_message": "Live long and prosper",
    "created": "2017-05-23T18:41:03.288Z"
  }
},
{
  "model": "intake.statusnotification",
  "pk": 89,
  "fields": {
    "status_update": 89,
    "contact_info": {
      "email": "cmrtestuser+notification@gmail.com"
    },
    "base_message": "Resistance is futile",
    "sent_message": "Live long and prosper",
    "created": "2017-05-23T18:41:03.359Z"
  }
},
{
  "model": "intake.statusnotification",
  "pk": 90,
  "fields": {
    "status_update": 90,
    "contact_info": {
      "email": "cmrtestuser+notification@gmail.com"
    },
    "base_message": "Resistance is futile",
    "sent_message": "Live long and prosper",
    "created": "2017-05-23T18:41:03.402Z"
  }
},
{
  "model": "intake.statusnotification",
  "pk": 91,
  "fields": {
    "status_update": 91,
    "contact_info": {
      "email": "cmrtestuser+notification@gmail.com"
    },
    "base_message": "Resistance is futile",
    "sent_message": "Live long and prosper",
    "created": "2017-05-23T18:41:03.443Z"
  }
},
{
  "model": "intake.statusnotification",
  "pk": 92,
  "fields": {
    "status_update": 92,
    "contact_info": {
      "email": "cmrtestuser+notification@gmail.com"
    },
    "base_message": "Resistance is futile",
    "sent_message": "Live long and prosper",
    "created": "2017-05-23T18:41:03.515Z"
  }
}
]
