[
{
  "model": "intake.visitor",
  "pk": 98,
  "fields": {
    "first_visit": "2017-04-25T01:52:09.484Z",
    "source": "share",
    "referrer": "http://bajoradefender.org/services/clean-slate/",
    "ip_address": "48.104.186.127"
  }
},
{
  "model": "intake.applicant",
  "pk": 98,
  "fields": {
    "visitor": 98
  }
},
{
  "model": "intake.formsubmission",
  "pk": 97,
  "fields": {
    "applicant": 98,
    "duplicate_set": null,
    "answers": {
      "contact_preferences": [
        "prefers_email"
      ],
      "first_name": "Gabriela",
      "middle_name": "Curtis",
      "last_name": "Evans",
      "preferred_pronouns": "they",
      "phone_number": "8314207603",
      "alternate_phone_number": "8314207603",
      "email": "cmrtestuser@gmail.com",
      "address": {
        "street": "06867 Jessica Springs",
        "city": "Deantown",
        "state": "FM",
        "zip": "49063"
      },
      "dob": {
        "month": "9",
        "day": "11",
        "year": "1960"
      },
      "us_citizen": "yes",
      "being_charged": "no",
      "serving_sentence": "no",
      "on_probation_parole": "yes",
      "finished_half_probation": "not_applicable",
      "reduced_probation": "no",
      "rap_outside_sf": "yes",
      "when_where_outside_sf": "",
      "has_suspended_license": "no",
      "owes_court_fees": "yes",
      "monthly_income": 2000,
      "on_public_benefits": "yes",
      "owns_home": "yes",
      "household_size": 0,
      "how_did_you_hear": "from work",
      "additional_information": "I want help",
      "understands_limits": "yes",
      "consent_to_represent": "yes",
      "declaration_letter_intro": "Quaerat consequuntur est exercitationem tempora enim ut. Saepe laborum error dicta consectetur nulla neque sunt. Inventore porro ab sint impedit eaque molestiae. Facilis et saepe a reiciendis.",
      "declaration_letter_life_changes": "Praesentium ea reiciendis labore dolor impedit consectetur soluta recusandae. Nam cupiditate quibusdam corporis eveniet animi voluptatibus rem. Repellendus odit beatae alias odit ullam vel cupiditate quam.",
      "declaration_letter_activities": "Eum voluptatem ipsam aperiam pariatur architecto distinctio nihil. Consequatur in reprehenderit sapiente ipsum animi hic at minus. Molestiae veritatis fugiat ea cumque suscipit eum.",
      "declaration_letter_goals": "Consectetur tenetur aliquam ullam nihil illo commodi. Alias sit aspernatur dignissimos nemo odio praesentium fuga error. Possimus expedita delectus nobis voluptate deserunt ab. Fugiat a tempora eveniet numquam eligendi.",
      "declaration_letter_why": "Ipsum vitae saepe cum quaerat. Quo illum ad voluptates. Labore voluptates necessitatibus nostrum nihil minima recusandae.",
      "currently_employed": "yes",
      "income_source": "a job",
      "monthly_expenses": 2000,
      "aliases": "Barbara Rodriguez",
      "driver_license_or_id": "D9162357",
      "last_four": "0769",
      "case_number": "C8256-231",
      "where_probation_or_parole": "Yolo County",
      "when_probation_or_parole": "2018",
      "dependents": 5,
      "reasons_for_applying": [
        "background_check",
        "lost_job",
        "housing"
      ],
      "is_veteran": "no",
      "is_student": "no",
      "ssn": "728343333",
      "has_children": "yes",
      "is_married": "no",
      "pfn_number": "157381"
    },
    "first_name": "Gabriela",
    "last_name": "Evans",
    "dob": null,
    "ssn": "728343333",
    "last_four": "0769",
    "drivers_license_or_id": "",
    "case_number": "C8256-231",
    "phone_number": "8314207603",
    "alternate_phone_number": "8314207603",
    "email": "cmrtestuser@gmail.com",
    "reasons_for_applying": "['background_check', 'lost_job', 'housing']",
    "how_did_you_hear": "from work",
    "additional_information": "I want help",
    "aliases": "Barbara Rodriguez",
    "pfn_number": "157381",
    "contact_preferences": "['prefers_email']",
    "preferred_pronouns": "they",
    "street": "06867 Jessica Springs",
    "city": "Deantown",
    "state": "FM",
    "zip": "49063",
    "us_citizen": "yes",
    "is_veteran": "no",
    "is_student": "no",
    "being_charged": "no",
    "serving_sentence": "no",
    "on_probation_parole": "yes",
    "where_probation_or_parole": "Yolo County",
    "when_probation_or_parole": "2018",
    "finished_half_probation": "not_applicable",
    "reduced_probation": "no",
    "rap_outside_sf": "yes",
    "when_where_outside_sf": "",
    "has_suspended_license": "no",
    "owes_court_fees": "yes",
    "currently_employed": "yes",
    "monthly_income": 2000,
    "income_source": "a job",
    "on_public_benefits": "yes",
    "owns_home": "yes",
    "monthly_expenses": 2000,
    "household_size": 0,
    "dependents": 5,
    "is_married": "no",
    "has_children": "yes",
    "old_uuid": "a54e53057ff24fb8a0915a9b2a3d269e",
    "anonymous_name": "Turqoise Gazelle",
    "date_received": "2017-04-14T09:57:52-07:00"
  }
},
{
  "model": "intake.application",
  "pk": 127,
  "fields": {
    "created": "2017-04-14T16:57:52Z",
    "updated": "2017-04-25T01:52:09.507Z",
    "organization": [
      "Alameda County Public Defender's Office"
    ],
    "form_submission": 97,
    "was_transferred_out": false
  }
},
{
  "model": "intake.application",
  "pk": 128,
  "fields": {
    "created": "2017-04-14T16:57:52Z",
    "updated": "2017-04-25T01:52:09.509Z",
    "organization": [
      "Contra Costa Public Defender"
    ],
    "form_submission": 97,
    "was_transferred_out": false
  }
},
{
  "model": "intake.application",
  "pk": 129,
  "fields": {
    "created": "2017-04-14T16:57:52Z",
    "updated": "2017-04-25T01:52:09.513Z",
    "organization": [
      "Fresno County Public Defender"
    ],
    "form_submission": 97,
    "was_transferred_out": false
  }
},
{
  "model": "intake.application",
  "pk": 130,
  "fields": {
    "created": "2017-04-14T16:57:52Z",
    "updated": "2017-04-25T01:52:09.517Z",
    "organization": [
      "Monterey County Public Defender"
    ],
    "form_submission": 97,
    "was_transferred_out": false
  }
},
{
  "model": "intake.application",
  "pk": 131,
  "fields": {
    "created": "2017-04-14T16:57:52Z",
    "updated": "2017-04-25T01:52:09.521Z",
    "organization": [
      "San Diego County Public Defender"
    ],
    "form_submission": 97,
    "was_transferred_out": false
  }
},
{
  "model": "intake.application",
  "pk": 132,
  "fields": {
    "created": "2017-04-14T16:57:52Z",
    "updated": "2017-04-25T01:52:09.543Z",
    "organization": [
      "San Francisco Public Defender"
    ],
    "form_submission": 97,
    "was_transferred_out": false
  }
},
{
  "model": "intake.application",
  "pk": 133,
  "fields": {
    "created": "2017-04-14T16:57:52Z",
    "updated": "2017-04-25T01:52:09.550Z",
    "organization": [
      "San Joaquin County Public Defender"
    ],
    "form_submission": 97,
    "was_transferred_out": false
  }
},
{
  "model": "intake.application",
  "pk": 134,
  "fields": {
    "created": "2017-04-14T16:57:52Z",
    "updated": "2017-04-25T01:52:09.556Z",
    "organization": [
      "Santa Barbara County Public Defender"
    ],
    "form_submission": 97,
    "was_transferred_out": false
  }
},
{
  "model": "intake.application",
  "pk": 135,
  "fields": {
    "created": "2017-04-14T16:57:52Z",
    "updated": "2017-04-25T01:52:09.566Z",
    "organization": [
      "Santa Clara County Public Defender"
    ],
    "form_submission": 97,
    "was_transferred_out": false
  }
},
{
  "model": "intake.application",
  "pk": 136,
  "fields": {
    "created": "2017-04-14T16:57:52Z",
    "updated": "2017-04-25T01:52:09.588Z",
    "organization": [
      "Santa Cruz County Public Defender"
    ],
    "form_submission": 97,
    "was_transferred_out": false
  }
},
{
  "model": "intake.application",
  "pk": 137,
  "fields": {
    "created": "2017-04-14T16:57:52Z",
    "updated": "2017-04-25T01:52:09.602Z",
    "organization": [
      "Solano County Public Defender"
    ],
    "form_submission": 97,
    "was_transferred_out": false
  }
},
{
  "model": "intake.application",
  "pk": 138,
  "fields": {
    "created": "2017-04-14T16:57:52Z",
    "updated": "2017-04-25T01:52:09.607Z",
    "organization": [
      "Sonoma County Public Defender"
    ],
    "form_submission": 97,
    "was_transferred_out": false
  }
},
{
  "model": "intake.application",
  "pk": 139,
  "fields": {
    "created": "2017-04-14T16:57:52Z",
    "updated": "2017-04-25T01:52:09.611Z",
    "organization": [
      "Tulare County Public Defender"
    ],
    "form_submission": 97,
    "was_transferred_out": false
  }
},
{
  "model": "intake.application",
  "pk": 140,
  "fields": {
    "created": "2017-04-14T16:57:52Z",
    "updated": "2017-04-25T01:52:09.615Z",
    "organization": [
      "Ventura County Public Defender"
    ],
    "form_submission": 97,
    "was_transferred_out": false
  }
},
{
  "model": "intake.statusupdate",
  "pk": 131,
  "fields": {
    "created": "2017-04-25T01:52:14.604Z",
    "updated": "2017-04-25T01:52:14.627Z",
    "status_type": 7,
    "additional_information": "We may be able to get a fee waived for you",
    "author": [
      "san_diego_pubdef_user"
    ],
    "application": 131,
    "other_next_step": "Come to our Walk-In Clinic",
    "next_steps": [
      1
    ]
  }
},
{
  "model": "intake.statusupdate",
  "pk": 132,
  "fields": {
    "created": "2017-04-25T01:52:14.761Z",
    "updated": "2017-04-25T01:52:14.831Z",
    "status_type": 1,
    "additional_information": "We may be able to get a fee waived for you",
    "author": [
      "sf_pubdef_user"
    ],
    "application": 132,
    "other_next_step": "Come to our Walk-In Clinic",
    "next_steps": [
      1
    ]
  }
},
{
  "model": "intake.statusupdate",
  "pk": 133,
  "fields": {
    "created": "2017-04-25T01:52:14.954Z",
    "updated": "2017-04-25T01:52:14.975Z",
    "status_type": 2,
    "additional_information": "We may be able to get a fee waived for you",
    "author": [
      "san_joaquin_pubdef_user"
    ],
    "application": 133,
    "other_next_step": "Come to our Walk-In Clinic",
    "next_steps": [
      1
    ]
  }
},
{
  "model": "intake.statusupdate",
  "pk": 134,
  "fields": {
    "created": "2017-04-25T01:52:15.047Z",
    "updated": "2017-04-25T01:52:15.134Z",
    "status_type": 3,
    "additional_information": "We may be able to get a fee waived for you",
    "author": [
      "santa_barbara_pubdef_user"
    ],
    "application": 134,
    "other_next_step": "Come to our Walk-In Clinic",
    "next_steps": [
      1
    ]
  }
},
{
  "model": "intake.statusupdate",
  "pk": 135,
  "fields": {
    "created": "2017-04-25T01:52:15.150Z",
    "updated": "2017-04-25T01:52:15.194Z",
    "status_type": 4,
    "additional_information": "We may be able to get a fee waived for you",
    "author": [
      "santa_clara_pubdef_user"
    ],
    "application": 135,
    "other_next_step": "Come to our Walk-In Clinic",
    "next_steps": [
      1
    ]
  }
},
{
  "model": "intake.statusupdate",
  "pk": 127,
  "fields": {
    "created": "2017-04-25T01:52:14.142Z",
    "updated": "2017-04-25T01:52:14.295Z",
    "status_type": 3,
    "additional_information": "We may be able to get a fee waived for you",
    "author": [
      "a_pubdef_user"
    ],
    "application": 127,
    "other_next_step": "Come to our Walk-In Clinic",
    "next_steps": [
      1
    ]
  }
},
{
  "model": "intake.statusupdate",
  "pk": 128,
  "fields": {
    "created": "2017-04-25T01:52:14.321Z",
    "updated": "2017-04-25T01:52:14.409Z",
    "status_type": 4,
    "additional_information": "We may be able to get a fee waived for you",
    "author": [
      "cc_pubdef_user"
    ],
    "application": 128,
    "other_next_step": "Come to our Walk-In Clinic",
    "next_steps": [
      1
    ]
  }
},
{
  "model": "intake.statusupdate",
  "pk": 136,
  "fields": {
    "created": "2017-04-25T01:52:15.220Z",
    "updated": "2017-04-25T01:52:15.281Z",
    "status_type": 5,
    "additional_information": "We may be able to get a fee waived for you",
    "author": [
      "santa_cruz_pubdef_user"
    ],
    "application": 136,
    "other_next_step": "Come to our Walk-In Clinic",
    "next_steps": [
      1
    ]
  }
},
{
  "model": "intake.statusupdate",
  "pk": 129,
  "fields": {
    "created": "2017-04-25T01:52:14.482Z",
    "updated": "2017-04-25T01:52:14.533Z",
    "status_type": 5,
    "additional_information": "We may be able to get a fee waived for you",
    "author": [
      "fresno_pubdef_user"
    ],
    "application": 129,
    "other_next_step": "Come to our Walk-In Clinic",
    "next_steps": [
      1
    ]
  }
},
{
  "model": "intake.statusupdate",
  "pk": 130,
  "fields": {
    "created": "2017-04-25T01:52:14.561Z",
    "updated": "2017-04-25T01:52:14.584Z",
    "status_type": 6,
    "additional_information": "We may be able to get a fee waived for you",
    "author": [
      "monterey_pubdef_user"
    ],
    "application": 130,
    "other_next_step": "Come to our Walk-In Clinic",
    "next_steps": [
      1
    ]
  }
},
{
  "model": "intake.statusupdate",
  "pk": 137,
  "fields": {
    "created": "2017-04-25T01:52:15.306Z",
    "updated": "2017-04-25T01:52:15.407Z",
    "status_type": 6,
    "additional_information": "We may be able to get a fee waived for you",
    "author": [
      "solano_pubdef_user"
    ],
    "application": 137,
    "other_next_step": "Come to our Walk-In Clinic",
    "next_steps": [
      1
    ]
  }
},
{
  "model": "intake.statusupdate",
  "pk": 138,
  "fields": {
    "created": "2017-04-25T01:52:15.424Z",
    "updated": "2017-04-25T01:52:15.438Z",
    "status_type": 7,
    "additional_information": "We may be able to get a fee waived for you",
    "author": [
      "sonoma_pubdef_user"
    ],
    "application": 138,
    "other_next_step": "Come to our Walk-In Clinic",
    "next_steps": [
      1
    ]
  }
},
{
  "model": "intake.statusupdate",
  "pk": 139,
  "fields": {
    "created": "2017-04-25T01:52:15.470Z",
    "updated": "2017-04-25T01:52:15.488Z",
    "status_type": 1,
    "additional_information": "We may be able to get a fee waived for you",
    "author": [
      "tulare_pubdef_user"
    ],
    "application": 139,
    "other_next_step": "Come to our Walk-In Clinic",
    "next_steps": [
      1
    ]
  }
},
{
  "model": "intake.statusupdate",
  "pk": 140,
  "fields": {
    "created": "2017-04-25T01:52:15.546Z",
    "updated": "2017-04-25T01:52:15.571Z",
    "status_type": 2,
    "additional_information": "We may be able to get a fee waived for you",
    "author": [
      "ventura_pubdef_user"
    ],
    "application": 140,
    "other_next_step": "Come to our Walk-In Clinic",
    "next_steps": [
      1
    ]
  }
},
{
  "model": "intake.statusnotification",
  "pk": 129,
  "fields": {
    "status_update": 129,
    "contact_info": {
      "email": "cmrtestuser+notification@gmail.com"
    },
    "base_message": "Resistance is futile",
    "sent_message": "Live long and prosper",
    "created": "2017-04-25T01:52:14.486Z"
  }
},
{
  "model": "intake.statusnotification",
  "pk": 133,
  "fields": {
    "status_update": 133,
    "contact_info": {
      "email": "cmrtestuser+notification@gmail.com"
    },
    "base_message": "Resistance is futile",
    "sent_message": "Live long and prosper",
    "created": "2017-04-25T01:52:14.957Z"
  }
},
{
  "model": "intake.statusnotification",
  "pk": 132,
  "fields": {
    "status_update": 132,
    "contact_info": {
      "email": "cmrtestuser+notification@gmail.com"
    },
    "base_message": "Resistance is futile",
    "sent_message": "Live long and prosper",
    "created": "2017-04-25T01:52:14.771Z"
  }
},
{
  "model": "intake.statusnotification",
  "pk": 131,
  "fields": {
    "status_update": 131,
    "contact_info": {
      "email": "cmrtestuser+notification@gmail.com"
    },
    "base_message": "Resistance is futile",
    "sent_message": "Live long and prosper",
    "created": "2017-04-25T01:52:14.607Z"
  }
},
{
  "model": "intake.statusnotification",
  "pk": 136,
  "fields": {
    "status_update": 136,
    "contact_info": {
      "email": "cmrtestuser+notification@gmail.com"
    },
    "base_message": "Resistance is futile",
    "sent_message": "Live long and prosper",
    "created": "2017-04-25T01:52:15.225Z"
  }
},
{
  "model": "intake.statusnotification",
  "pk": 130,
  "fields": {
    "status_update": 130,
    "contact_info": {
      "email": "cmrtestuser+notification@gmail.com"
    },
    "base_message": "Resistance is futile",
    "sent_message": "Live long and prosper",
    "created": "2017-04-25T01:52:14.564Z"
  }
},
{
  "model": "intake.statusnotification",
  "pk": 127,
  "fields": {
    "status_update": 127,
    "contact_info": {
      "email": "cmrtestuser+notification@gmail.com"
    },
    "base_message": "Resistance is futile",
    "sent_message": "Live long and prosper",
    "created": "2017-04-25T01:52:14.146Z"
  }
},
{
  "model": "intake.statusnotification",
  "pk": 128,
  "fields": {
    "status_update": 128,
    "contact_info": {
      "email": "cmrtestuser+notification@gmail.com"
    },
    "base_message": "Resistance is futile",
    "sent_message": "Live long and prosper",
    "created": "2017-04-25T01:52:14.366Z"
  }
},
{
  "model": "intake.statusnotification",
  "pk": 138,
  "fields": {
    "status_update": 138,
    "contact_info": {
      "email": "cmrtestuser+notification@gmail.com"
    },
    "base_message": "Resistance is futile",
    "sent_message": "Live long and prosper",
    "created": "2017-04-25T01:52:15.426Z"
  }
},
{
  "model": "intake.statusnotification",
  "pk": 140,
  "fields": {
    "status_update": 140,
    "contact_info": {
      "email": "cmrtestuser+notification@gmail.com"
    },
    "base_message": "Resistance is futile",
    "sent_message": "Live long and prosper",
    "created": "2017-04-25T01:52:15.550Z"
  }
},
{
  "model": "intake.statusnotification",
  "pk": 137,
  "fields": {
    "status_update": 137,
    "contact_info": {
      "email": "cmrtestuser+notification@gmail.com"
    },
    "base_message": "Resistance is futile",
    "sent_message": "Live long and prosper",
    "created": "2017-04-25T01:52:15.316Z"
  }
},
{
  "model": "intake.statusnotification",
  "pk": 134,
  "fields": {
    "status_update": 134,
    "contact_info": {
      "email": "cmrtestuser+notification@gmail.com"
    },
    "base_message": "Resistance is futile",
    "sent_message": "Live long and prosper",
    "created": "2017-04-25T01:52:15.050Z"
  }
},
{
  "model": "intake.statusnotification",
  "pk": 135,
  "fields": {
    "status_update": 135,
    "contact_info": {
      "email": "cmrtestuser+notification@gmail.com"
    },
    "base_message": "Resistance is futile",
    "sent_message": "Live long and prosper",
    "created": "2017-04-25T01:52:15.154Z"
  }
},
{
  "model": "intake.statusnotification",
  "pk": 139,
  "fields": {
    "status_update": 139,
    "contact_info": {
      "email": "cmrtestuser+notification@gmail.com"
    },
    "base_message": "Resistance is futile",
    "sent_message": "Live long and prosper",
    "created": "2017-04-25T01:52:15.474Z"
  }
}
]
