[
{
  "model": "intake.visitor",
  "pk": 31,
  "fields": {
    "first_visit": "2017-04-11T20:36:26.337Z",
    "source": "share",
    "referrer": "http://bajoradefender.org/services/clean-slate/",
    "ip_address": "48.104.186.127"
  }
},
{
  "model": "intake.applicant",
  "pk": 31,
  "fields": {
    "visitor": 31
  }
},
{
  "model": "intake.formsubmission",
  "pk": 31,
  "fields": {
    "applicant": 31,
    "duplicate_set": null,
    "answers": {
      "declaration_letter_life_changes": "Commodi accusantium voluptas perspiciatis ipsam. Modi libero laudantium blanditiis assumenda. Ab quod ipsam officia. A ipsa voluptatibus repudiandae sunt sint sunt. Repellendus eligendi unde sed tempore consequuntur voluptates sint.",
      "on_probation_parole": "yes",
      "has_children": "yes",
      "finished_half_probation": "not_applicable",
      "declaration_letter_activities": "Totam modi corporis minus minima excepturi. Facilis sequi saepe itaque dolorum sequi voluptate veritatis ex.",
      "contact_preferences": [
        "prefers_sms"
      ],
      "income_source": "a job",
      "currently_employed": "yes",
      "consent_to_represent": "yes",
      "is_veteran": "no",
      "ssn": "488259253",
      "owes_court_fees": "no",
      "pfn_number": "274518",
      "reasons_for_applying": [
        "background_check",
        "lost_job",
        "housing"
      ],
      "is_married": "no",
      "first_name": "Jeffrey",
      "where_probation_or_parole": "Yolo County",
      "phone_number": "8314207603",
      "additional_information": "I want help",
      "declaration_letter_goals": "Omnis sequi ducimus culpa quo nulla odit. Ratione veniam error magnam sit amet repellat. Odio rem facilis dolore omnis ab praesentium deserunt. Delectus pariatur nihil repellat neque hic mollitia.",
      "when_where_outside_sf": "",
      "dependents": 2,
      "declaration_letter_intro": "Eos aperiam autem molestiae. Quasi odio aut molestiae odio.",
      "case_number": "C3891-297",
      "monthly_expenses": 2000,
      "being_charged": "no",
      "last_four": "6252",
      "us_citizen": "yes",
      "rap_outside_sf": "no",
      "when_probation_or_parole": "2018",
      "monthly_income": 2000,
      "understands_limits": "yes",
      "declaration_letter_why": "Ipsam rem illum ratione est aliquam quidem. Inventore nostrum voluptatem a in. Corporis aliquam aliquid veritatis voluptatum tempora dolorum quas.",
      "reduced_probation": "no",
      "dob": {
        "year": "1998",
        "day": "28",
        "month": "2"
      },
      "preferred_pronouns": "they",
      "has_suspended_license": "yes",
      "how_did_you_hear": "from work",
      "middle_name": "Suzanne",
      "email": "bgolder+testing@codeforamerica.org",
      "is_student": "no",
      "household_size": 3,
      "last_name": "Scott",
      "owns_home": "yes",
      "alternate_phone_number": "8314207603",
      "driver_license_or_id": "D3643360",
      "serving_sentence": "no",
      "aliases": "Wesley Ewing DDS",
      "address": {
        "zip": "93288",
        "street": "8208 Hodges Parkway Apt. 051",
        "city": "North Jenniferport",
        "state": "NV"
      },
      "on_public_benefits": "yes"
    },
    "first_name": "Jeffrey",
    "last_name": "Scott",
    "dob": null,
    "ssn": "488259253",
    "last_four": "6252",
    "drivers_license_or_id": "",
    "case_number": "C3891-297",
    "phone_number": "8314207603",
    "alternate_phone_number": "8314207603",
    "email": "bgolder+testing@codeforamerica.org",
    "reasons_for_applying": "['background_check', 'lost_job', 'housing']",
    "how_did_you_hear": "from work",
    "additional_information": "I want help",
    "aliases": "Wesley Ewing DDS",
    "pfn_number": "274518",
    "contact_preferences": "['prefers_sms']",
    "preferred_pronouns": "they",
    "street": "8208 Hodges Parkway Apt. 051",
    "city": "North Jenniferport",
    "state": "NV",
    "zip": "93288",
    "us_citizen": "yes",
    "is_veteran": "no",
    "is_student": "no",
    "being_charged": "no",
    "serving_sentence": "no",
    "on_probation_parole": "yes",
    "where_probation_or_parole": "Yolo County",
    "when_probation_or_parole": "2018",
    "finished_half_probation": "not_applicable",
    "reduced_probation": "no",
    "rap_outside_sf": "no",
    "when_where_outside_sf": "",
    "has_suspended_license": "yes",
    "owes_court_fees": "no",
    "currently_employed": "yes",
    "monthly_income": 2000,
    "income_source": "a job",
    "on_public_benefits": "yes",
    "owns_home": "yes",
    "monthly_expenses": 2000,
    "household_size": 3,
    "dependents": 2,
    "is_married": "no",
    "has_children": "yes",
    "old_uuid": "59a824ed4a064f579bd46c75e500e31b",
    "anonymous_name": "Camouflaged Quetzal",
    "date_received": "2017-04-11T15:08:02-07:00"
  }
},
{
  "model": "intake.application",
  "pk": 31,
  "fields": {
    "created": "2017-04-11T22:08:02Z",
    "updated": "2017-04-11T20:36:26.351Z",
    "organization": [
      "Alameda County Public Defender's Office"
    ],
    "form_submission": 31,
    "was_transferred_out": false
  }
},
{
  "model": "intake.application",
  "pk": 32,
  "fields": {
    "created": "2017-04-11T22:08:02Z",
    "updated": "2017-04-11T20:36:26.352Z",
    "organization": [
      "Contra Costa Public Defender"
    ],
    "form_submission": 31,
    "was_transferred_out": false
  }
},
{
  "model": "intake.application",
  "pk": 33,
  "fields": {
    "created": "2017-04-11T22:08:02Z",
    "updated": "2017-04-11T20:36:26.354Z",
    "organization": [
      "Fresno County Public Defender"
    ],
    "form_submission": 31,
    "was_transferred_out": false
  }
},
{
  "model": "intake.application",
  "pk": 34,
  "fields": {
    "created": "2017-04-11T22:08:02Z",
    "updated": "2017-04-11T20:36:26.355Z",
    "organization": [
      "Monterey County Public Defender"
    ],
    "form_submission": 31,
    "was_transferred_out": false
  }
},
{
  "model": "intake.application",
  "pk": 35,
  "fields": {
    "created": "2017-04-11T22:08:02Z",
    "updated": "2017-04-11T20:36:26.357Z",
    "organization": [
      "San Diego County Public Defender"
    ],
    "form_submission": 31,
    "was_transferred_out": false
  }
},
{
  "model": "intake.application",
  "pk": 36,
  "fields": {
    "created": "2017-04-11T22:08:02Z",
    "updated": "2017-04-11T20:36:26.358Z",
    "organization": [
      "San Francisco Public Defender"
    ],
    "form_submission": 31,
    "was_transferred_out": false
  }
},
{
  "model": "intake.application",
  "pk": 37,
  "fields": {
    "created": "2017-04-11T22:08:02Z",
    "updated": "2017-04-11T20:36:26.359Z",
    "organization": [
      "San Joaquin County Public Defender"
    ],
    "form_submission": 31,
    "was_transferred_out": false
  }
},
{
  "model": "intake.application",
  "pk": 38,
  "fields": {
    "created": "2017-04-11T22:08:02Z",
    "updated": "2017-04-11T20:36:26.360Z",
    "organization": [
      "Santa Barbara County Public Defender"
    ],
    "form_submission": 31,
    "was_transferred_out": false
  }
},
{
  "model": "intake.application",
  "pk": 39,
  "fields": {
    "created": "2017-04-11T22:08:02Z",
    "updated": "2017-04-11T20:36:26.361Z",
    "organization": [
      "Santa Clara County Public Defender"
    ],
    "form_submission": 31,
    "was_transferred_out": false
  }
},
{
  "model": "intake.application",
  "pk": 40,
  "fields": {
    "created": "2017-04-11T22:08:02Z",
    "updated": "2017-04-11T20:36:26.362Z",
    "organization": [
      "Santa Cruz County Public Defender"
    ],
    "form_submission": 31,
    "was_transferred_out": false
  }
},
{
  "model": "intake.application",
  "pk": 41,
  "fields": {
    "created": "2017-04-11T22:08:02Z",
    "updated": "2017-04-11T20:36:26.363Z",
    "organization": [
      "Solano County Public Defender"
    ],
    "form_submission": 31,
    "was_transferred_out": false
  }
},
{
  "model": "intake.application",
  "pk": 42,
  "fields": {
    "created": "2017-04-11T22:08:02Z",
    "updated": "2017-04-11T20:36:26.365Z",
    "organization": [
      "Sonoma County Public Defender"
    ],
    "form_submission": 31,
    "was_transferred_out": false
  }
},
{
  "model": "intake.application",
  "pk": 43,
  "fields": {
    "created": "2017-04-11T22:08:02Z",
    "updated": "2017-04-11T20:36:26.366Z",
    "organization": [
      "Tulare County Public Defender"
    ],
    "form_submission": 31,
    "was_transferred_out": false
  }
},
{
  "model": "intake.application",
  "pk": 44,
  "fields": {
    "created": "2017-04-11T22:08:02Z",
    "updated": "2017-04-11T20:36:26.367Z",
    "organization": [
      "Ventura County Public Defender"
    ],
    "form_submission": 31,
    "was_transferred_out": false
  }
},
{
  "model": "intake.statusupdate",
  "pk": 37,
  "fields": {
    "created": "2017-04-11T20:36:26.934Z",
    "updated": "2017-04-11T20:36:26.942Z",
    "status_type": 2,
    "additional_information": "We may be able to get a fee waived for you",
    "author": [
      "san_joaquin_pubdef_user"
    ],
    "application": 37,
    "other_next_step": "Come to our Walk-In Clinic",
    "next_steps": [
      1
    ]
  }
},
{
  "model": "intake.statusupdate",
  "pk": 31,
  "fields": {
    "created": "2017-04-11T20:36:26.843Z",
    "updated": "2017-04-11T20:36:26.852Z",
    "status_type": 3,
    "additional_information": "We may be able to get a fee waived for you",
    "author": [
      "a_pubdef_user"
    ],
    "application": 31,
    "other_next_step": "Come to our Walk-In Clinic",
    "next_steps": [
      1
    ]
  }
},
{
  "model": "intake.statusupdate",
  "pk": 42,
  "fields": {
    "created": "2017-04-11T20:36:27.009Z",
    "updated": "2017-04-11T20:36:27.016Z",
    "status_type": 7,
    "additional_information": "We may be able to get a fee waived for you",
    "author": [
      "sonoma_pubdef_user"
    ],
    "application": 42,
    "other_next_step": "Come to our Walk-In Clinic",
    "next_steps": [
      1
    ]
  }
},
{
  "model": "intake.statusupdate",
  "pk": 32,
  "fields": {
    "created": "2017-04-11T20:36:26.860Z",
    "updated": "2017-04-11T20:36:26.867Z",
    "status_type": 4,
    "additional_information": "We may be able to get a fee waived for you",
    "author": [
      "cc_pubdef_user"
    ],
    "application": 32,
    "other_next_step": "Come to our Walk-In Clinic",
    "next_steps": [
      1
    ]
  }
},
{
  "model": "intake.statusupdate",
  "pk": 38,
  "fields": {
    "created": "2017-04-11T20:36:26.950Z",
    "updated": "2017-04-11T20:36:26.958Z",
    "status_type": 3,
    "additional_information": "We may be able to get a fee waived for you",
    "author": [
      "santa_barbara_pubdef_user"
    ],
    "application": 38,
    "other_next_step": "Come to our Walk-In Clinic",
    "next_steps": [
      1
    ]
  }
},
{
  "model": "intake.statusupdate",
  "pk": 33,
  "fields": {
    "created": "2017-04-11T20:36:26.875Z",
    "updated": "2017-04-11T20:36:26.882Z",
    "status_type": 5,
    "additional_information": "We may be able to get a fee waived for you",
    "author": [
      "fresno_pubdef_user"
    ],
    "application": 33,
    "other_next_step": "Come to our Walk-In Clinic",
    "next_steps": [
      1
    ]
  }
},
{
  "model": "intake.statusupdate",
  "pk": 34,
  "fields": {
    "created": "2017-04-11T20:36:26.890Z",
    "updated": "2017-04-11T20:36:26.898Z",
    "status_type": 6,
    "additional_information": "We may be able to get a fee waived for you",
    "author": [
      "monterey_pubdef_user"
    ],
    "application": 34,
    "other_next_step": "Come to our Walk-In Clinic",
    "next_steps": [
      1
    ]
  }
},
{
  "model": "intake.statusupdate",
  "pk": 35,
  "fields": {
    "created": "2017-04-11T20:36:26.906Z",
    "updated": "2017-04-11T20:36:26.913Z",
    "status_type": 7,
    "additional_information": "We may be able to get a fee waived for you",
    "author": [
      "san_diego_pubdef_user"
    ],
    "application": 35,
    "other_next_step": "Come to our Walk-In Clinic",
    "next_steps": [
      1
    ]
  }
},
{
  "model": "intake.statusupdate",
  "pk": 39,
  "fields": {
    "created": "2017-04-11T20:36:26.965Z",
    "updated": "2017-04-11T20:36:26.972Z",
    "status_type": 4,
    "additional_information": "We may be able to get a fee waived for you",
    "author": [
      "santa_clara_pubdef_user"
    ],
    "application": 39,
    "other_next_step": "Come to our Walk-In Clinic",
    "next_steps": [
      1
    ]
  }
},
{
  "model": "intake.statusupdate",
  "pk": 36,
  "fields": {
    "created": "2017-04-11T20:36:26.920Z",
    "updated": "2017-04-11T20:36:26.927Z",
    "status_type": 1,
    "additional_information": "We may be able to get a fee waived for you",
    "author": [
      "sf_pubdef_user"
    ],
    "application": 36,
    "other_next_step": "Come to our Walk-In Clinic",
    "next_steps": [
      1
    ]
  }
},
{
  "model": "intake.statusupdate",
  "pk": 43,
  "fields": {
    "created": "2017-04-11T20:36:27.024Z",
    "updated": "2017-04-11T20:36:27.030Z",
    "status_type": 1,
    "additional_information": "We may be able to get a fee waived for you",
    "author": [
      "tulare_pubdef_user"
    ],
    "application": 43,
    "other_next_step": "Come to our Walk-In Clinic",
    "next_steps": [
      1
    ]
  }
},
{
  "model": "intake.statusupdate",
  "pk": 40,
  "fields": {
    "created": "2017-04-11T20:36:26.980Z",
    "updated": "2017-04-11T20:36:26.987Z",
    "status_type": 5,
    "additional_information": "We may be able to get a fee waived for you",
    "author": [
      "santa_cruz_pubdef_user"
    ],
    "application": 40,
    "other_next_step": "Come to our Walk-In Clinic",
    "next_steps": [
      1
    ]
  }
},
{
  "model": "intake.statusupdate",
  "pk": 41,
  "fields": {
    "created": "2017-04-11T20:36:26.994Z",
    "updated": "2017-04-11T20:36:27.001Z",
    "status_type": 6,
    "additional_information": "We may be able to get a fee waived for you",
    "author": [
      "solano_pubdef_user"
    ],
    "application": 41,
    "other_next_step": "Come to our Walk-In Clinic",
    "next_steps": [
      1
    ]
  }
},
{
  "model": "intake.statusupdate",
  "pk": 44,
  "fields": {
    "created": "2017-04-11T20:36:27.039Z",
    "updated": "2017-04-11T20:36:27.046Z",
    "status_type": 2,
    "additional_information": "We may be able to get a fee waived for you",
    "author": [
      "ventura_pubdef_user"
    ],
    "application": 44,
    "other_next_step": "Come to our Walk-In Clinic",
    "next_steps": [
      1
    ]
  }
},
{
  "model": "intake.statusnotification",
  "pk": 31,
  "fields": {
    "status_update": 31,
    "contact_info": {
      "email": "bgolder+borg@codeforamerica.org"
    },
    "base_message": "Resistance is futile",
    "sent_message": "Live long and prosper",
    "created": "2017-04-11T20:36:26.845Z"
  }
},
{
  "model": "intake.statusnotification",
  "pk": 32,
  "fields": {
    "status_update": 32,
    "contact_info": {
      "email": "bgolder+borg@codeforamerica.org"
    },
    "base_message": "Resistance is futile",
    "sent_message": "Live long and prosper",
    "created": "2017-04-11T20:36:26.861Z"
  }
},
{
  "model": "intake.statusnotification",
  "pk": 33,
  "fields": {
    "status_update": 33,
    "contact_info": {
      "email": "bgolder+borg@codeforamerica.org"
    },
    "base_message": "Resistance is futile",
    "sent_message": "Live long and prosper",
    "created": "2017-04-11T20:36:26.876Z"
  }
},
{
  "model": "intake.statusnotification",
  "pk": 34,
  "fields": {
    "status_update": 34,
    "contact_info": {
      "email": "bgolder+borg@codeforamerica.org"
    },
    "base_message": "Resistance is futile",
    "sent_message": "Live long and prosper",
    "created": "2017-04-11T20:36:26.892Z"
  }
},
{
  "model": "intake.statusnotification",
  "pk": 35,
  "fields": {
    "status_update": 35,
    "contact_info": {
      "email": "bgolder+borg@codeforamerica.org"
    },
    "base_message": "Resistance is futile",
    "sent_message": "Live long and prosper",
    "created": "2017-04-11T20:36:26.907Z"
  }
},
{
  "model": "intake.statusnotification",
  "pk": 36,
  "fields": {
    "status_update": 36,
    "contact_info": {
      "email": "bgolder+borg@codeforamerica.org"
    },
    "base_message": "Resistance is futile",
    "sent_message": "Live long and prosper",
    "created": "2017-04-11T20:36:26.922Z"
  }
},
{
  "model": "intake.statusnotification",
  "pk": 37,
  "fields": {
    "status_update": 37,
    "contact_info": {
      "email": "bgolder+borg@codeforamerica.org"
    },
    "base_message": "Resistance is futile",
    "sent_message": "Live long and prosper",
    "created": "2017-04-11T20:36:26.936Z"
  }
},
{
  "model": "intake.statusnotification",
  "pk": 38,
  "fields": {
    "status_update": 38,
    "contact_info": {
      "email": "bgolder+borg@codeforamerica.org"
    },
    "base_message": "Resistance is futile",
    "sent_message": "Live long and prosper",
    "created": "2017-04-11T20:36:26.951Z"
  }
},
{
  "model": "intake.statusnotification",
  "pk": 39,
  "fields": {
    "status_update": 39,
    "contact_info": {
      "email": "bgolder+borg@codeforamerica.org"
    },
    "base_message": "Resistance is futile",
    "sent_message": "Live long and prosper",
    "created": "2017-04-11T20:36:26.967Z"
  }
},
{
  "model": "intake.statusnotification",
  "pk": 40,
  "fields": {
    "status_update": 40,
    "contact_info": {
      "email": "bgolder+borg@codeforamerica.org"
    },
    "base_message": "Resistance is futile",
    "sent_message": "Live long and prosper",
    "created": "2017-04-11T20:36:26.981Z"
  }
},
{
  "model": "intake.statusnotification",
  "pk": 41,
  "fields": {
    "status_update": 41,
    "contact_info": {
      "email": "bgolder+borg@codeforamerica.org"
    },
    "base_message": "Resistance is futile",
    "sent_message": "Live long and prosper",
    "created": "2017-04-11T20:36:26.996Z"
  }
},
{
  "model": "intake.statusnotification",
  "pk": 42,
  "fields": {
    "status_update": 42,
    "contact_info": {
      "email": "bgolder+borg@codeforamerica.org"
    },
    "base_message": "Resistance is futile",
    "sent_message": "Live long and prosper",
    "created": "2017-04-11T20:36:27.011Z"
  }
},
{
  "model": "intake.statusnotification",
  "pk": 43,
  "fields": {
    "status_update": 43,
    "contact_info": {
      "email": "bgolder+borg@codeforamerica.org"
    },
    "base_message": "Resistance is futile",
    "sent_message": "Live long and prosper",
    "created": "2017-04-11T20:36:27.025Z"
  }
},
{
  "model": "intake.statusnotification",
  "pk": 44,
  "fields": {
    "status_update": 44,
    "contact_info": {
      "email": "bgolder+borg@codeforamerica.org"
    },
    "base_message": "Resistance is futile",
    "sent_message": "Live long and prosper",
    "created": "2017-04-11T20:36:27.040Z"
  }
}
]
