[
{
  "model": "intake.visitor",
  "pk": 31,
  "fields": {
    "uuid": "b353709d-5367-4766-b91d-344dda444ef9",
    "first_visit": "2017-05-10T17:15:07.486Z",
    "source": "share",
    "referrer": "http://bajoradefender.org/services/clean-slate/",
    "ip_address": "48.104.186.127"
  }
},
{
  "model": "intake.applicant",
  "pk": 31,
  "fields": {
    "visitor": 31
  }
},
{
  "model": "intake.formsubmission",
  "pk": 31,
  "fields": {
    "applicant": 31,
    "duplicate_set": null,
    "answers": {
      "contact_preferences": [
        "prefers_sms",
        "prefers_email"
      ],
      "first_name": "Michael",
      "middle_name": "Kenneth",
      "last_name": "Le",
      "preferred_pronouns": "they",
      "phone_number": "4152124848",
      "alternate_phone_number": "4152124848",
      "email": "cmrtestuser@gmail.com",
      "address": {
        "street": "07510 William Square Suite 182",
        "city": "Lake Lisaside",
        "state": "MI",
        "zip": "94860"
      },
      "dob": {
        "month": "12",
        "day": "4",
        "year": "1997"
      },
      "us_citizen": "yes",
      "being_charged": "yes",
      "serving_sentence": "no",
      "on_probation_parole": "yes",
      "finished_half_probation": "not_applicable",
      "reduced_probation": "no",
      "rap_outside_sf": "yes",
      "when_where_outside_sf": "",
      "has_suspended_license": "yes",
      "owes_court_fees": "no",
      "monthly_income": 2000,
      "on_public_benefits": "yes",
      "owns_home": "yes",
      "household_size": 0,
      "how_did_you_hear": "from work",
      "additional_information": "I want help",
      "understands_limits": "yes",
      "consent_to_represent": "yes",
      "declaration_letter_intro": "Impedit mollitia possimus ipsum repellendus. Quis quas impedit facere molestias.",
      "declaration_letter_life_changes": "Non libero voluptatibus aspernatur rerum quasi maiores. Quaerat dignissimos soluta fugit illo quibusdam et temporibus expedita. Sequi quos vero error. Eaque deleniti perferendis reiciendis.",
      "declaration_letter_activities": "Dolorem est doloribus doloremque sunt incidunt tenetur. Pariatur ullam qui tempora ipsum sunt soluta animi. Consequuntur voluptates ipsa ducimus ex. Reprehenderit eligendi autem officia nobis tempore.",
      "declaration_letter_goals": "Enim dignissimos dolorum a maxime odit tenetur aut. Atque magnam nisi nihil odit. Sapiente hic eius ut pariatur voluptates.",
      "declaration_letter_why": "Earum modi odio doloribus quam. Natus tempore deleniti placeat error rerum laudantium. Aut animi rerum vero blanditiis expedita dolor.",
      "currently_employed": "no",
      "income_source": "a job",
      "monthly_expenses": 2000,
      "aliases": "",
      "driver_license_or_id": "D6760252",
      "last_four": "5009",
      "case_number": "C4058-870",
      "where_probation_or_parole": "Yolo County",
      "when_probation_or_parole": "2018",
      "dependents": 3,
      "reasons_for_applying": [
        "lost_job",
        "homeless"
      ],
      "is_veteran": "no",
      "is_student": "no",
      "ssn": "980873539",
      "is_married": "no",
      "pfn_number": "966129",
      "has_children": "no"
    },
    "has_been_sent_followup": false,
    "first_name": "Michael",
    "last_name": "Le",
    "dob": null,
    "ssn": "980873539",
    "last_four": "5009",
    "drivers_license_or_id": "",
    "case_number": "C4058-870",
    "phone_number": "4152124848",
    "alternate_phone_number": "4152124848",
    "email": "cmrtestuser@gmail.com",
    "reasons_for_applying": "['lost_job', 'homeless']",
    "how_did_you_hear": "from work",
    "additional_information": "I want help",
    "aliases": "",
    "pfn_number": "966129",
    "contact_preferences": "['prefers_sms', 'prefers_email']",
    "preferred_pronouns": "they",
    "street": "07510 William Square Suite 182",
    "city": "Lake Lisaside",
    "state": "MI",
    "zip": "94860",
    "us_citizen": "yes",
    "is_veteran": "no",
    "is_student": "no",
    "being_charged": "yes",
    "serving_sentence": "no",
    "on_probation_parole": "yes",
    "where_probation_or_parole": "Yolo County",
    "when_probation_or_parole": "2018",
    "finished_half_probation": "not_applicable",
    "reduced_probation": "no",
    "rap_outside_sf": "yes",
    "when_where_outside_sf": "",
    "has_suspended_license": "yes",
    "owes_court_fees": "no",
    "currently_employed": "no",
    "monthly_income": 2000,
    "income_source": "a job",
    "on_public_benefits": "yes",
    "owns_home": "yes",
    "monthly_expenses": 2000,
    "household_size": 0,
    "dependents": 3,
    "is_married": "no",
    "has_children": "no",
    "old_uuid": "e6c6430327b941b9ba02cec9a4cf84bf",
    "anonymous_name": "Cool Thunder",
    "date_received": "2017-05-01T16:24:30-07:00"
  }
},
{
  "model": "intake.application",
  "pk": 31,
  "fields": {
    "created": "2017-05-01T23:24:30Z",
    "updated": "2017-05-10T17:15:07.502Z",
    "organization": [
      "Alameda County Public Defender's Office"
    ],
    "form_submission": 31,
    "was_transferred_out": false,
    "has_been_opened": false
  }
},
{
  "model": "intake.application",
  "pk": 32,
  "fields": {
    "created": "2017-05-01T23:24:30Z",
    "updated": "2017-05-10T17:15:07.503Z",
    "organization": [
      "Contra Costa Public Defender"
    ],
    "form_submission": 31,
    "was_transferred_out": false,
    "has_been_opened": false
  }
},
{
  "model": "intake.application",
  "pk": 33,
  "fields": {
    "created": "2017-05-01T23:24:30Z",
    "updated": "2017-05-10T17:15:07.505Z",
    "organization": [
      "Fresno County Public Defender"
    ],
    "form_submission": 31,
    "was_transferred_out": false,
    "has_been_opened": false
  }
},
{
  "model": "intake.application",
  "pk": 34,
  "fields": {
    "created": "2017-05-01T23:24:30Z",
    "updated": "2017-05-10T17:15:07.507Z",
    "organization": [
      "Monterey County Public Defender"
    ],
    "form_submission": 31,
    "was_transferred_out": false,
    "has_been_opened": false
  }
},
{
  "model": "intake.application",
  "pk": 35,
  "fields": {
    "created": "2017-05-01T23:24:30Z",
    "updated": "2017-05-10T17:15:07.510Z",
    "organization": [
      "San Diego County Public Defender"
    ],
    "form_submission": 31,
    "was_transferred_out": false,
    "has_been_opened": false
  }
},
{
  "model": "intake.application",
  "pk": 36,
  "fields": {
    "created": "2017-05-01T23:24:30Z",
    "updated": "2017-05-10T17:15:07.513Z",
    "organization": [
      "San Francisco Public Defender"
    ],
    "form_submission": 31,
    "was_transferred_out": false,
    "has_been_opened": false
  }
},
{
  "model": "intake.application",
  "pk": 37,
  "fields": {
    "created": "2017-05-01T23:24:30Z",
    "updated": "2017-05-10T17:15:07.515Z",
    "organization": [
      "San Joaquin County Public Defender"
    ],
    "form_submission": 31,
    "was_transferred_out": false,
    "has_been_opened": false
  }
},
{
  "model": "intake.application",
  "pk": 38,
  "fields": {
    "created": "2017-05-01T23:24:30Z",
    "updated": "2017-05-10T17:15:07.518Z",
    "organization": [
      "Santa Barbara County Public Defender"
    ],
    "form_submission": 31,
    "was_transferred_out": false,
    "has_been_opened": false
  }
},
{
  "model": "intake.application",
  "pk": 39,
  "fields": {
    "created": "2017-05-01T23:24:30Z",
    "updated": "2017-05-10T17:15:07.520Z",
    "organization": [
      "Santa Clara County Public Defender"
    ],
    "form_submission": 31,
    "was_transferred_out": false,
    "has_been_opened": false
  }
},
{
  "model": "intake.application",
  "pk": 40,
  "fields": {
    "created": "2017-05-01T23:24:30Z",
    "updated": "2017-05-10T17:15:07.522Z",
    "organization": [
      "Santa Cruz County Public Defender"
    ],
    "form_submission": 31,
    "was_transferred_out": false,
    "has_been_opened": false
  }
},
{
  "model": "intake.application",
  "pk": 41,
  "fields": {
    "created": "2017-05-01T23:24:30Z",
    "updated": "2017-05-10T17:15:07.524Z",
    "organization": [
      "Solano County Public Defender"
    ],
    "form_submission": 31,
    "was_transferred_out": false,
    "has_been_opened": false
  }
},
{
  "model": "intake.application",
  "pk": 42,
  "fields": {
    "created": "2017-05-01T23:24:30Z",
    "updated": "2017-05-10T17:15:07.525Z",
    "organization": [
      "Sonoma County Public Defender"
    ],
    "form_submission": 31,
    "was_transferred_out": false,
    "has_been_opened": false
  }
},
{
  "model": "intake.application",
  "pk": 43,
  "fields": {
    "created": "2017-05-01T23:24:30Z",
    "updated": "2017-05-10T17:15:07.529Z",
    "organization": [
      "Tulare County Public Defender"
    ],
    "form_submission": 31,
    "was_transferred_out": false,
    "has_been_opened": false
  }
},
{
  "model": "intake.application",
  "pk": 44,
  "fields": {
    "created": "2017-05-01T23:24:30Z",
    "updated": "2017-05-10T17:15:07.531Z",
    "organization": [
      "Ventura County Public Defender"
    ],
    "form_submission": 31,
    "was_transferred_out": false,
    "has_been_opened": false
  }
},
{
  "model": "intake.statusupdate",
  "pk": 37,
  "fields": {
    "created": "2017-05-10T17:15:08.694Z",
    "updated": "2017-05-10T17:15:08.702Z",
    "status_type": 2,
    "additional_information": "We may be able to get a fee waived for you",
    "author": [
      "san_joaquin_pubdef_user"
    ],
    "application": 37,
    "other_next_step": "Come to our Walk-In Clinic",
    "next_steps": [
      1
    ]
  }
},
{
  "model": "intake.statusupdate",
  "pk": 31,
  "fields": {
    "created": "2017-05-10T17:15:08.572Z",
    "updated": "2017-05-10T17:15:08.581Z",
    "status_type": 3,
    "additional_information": "We may be able to get a fee waived for you",
    "author": [
      "a_pubdef_user"
    ],
    "application": 31,
    "other_next_step": "Come to our Walk-In Clinic",
    "next_steps": [
      1
    ]
  }
},
{
  "model": "intake.statusupdate",
  "pk": 42,
  "fields": {
    "created": "2017-05-10T17:15:08.837Z",
    "updated": "2017-05-10T17:15:08.858Z",
    "status_type": 7,
    "additional_information": "We may be able to get a fee waived for you",
    "author": [
      "sonoma_pubdef_user"
    ],
    "application": 42,
    "other_next_step": "Come to our Walk-In Clinic",
    "next_steps": [
      1
    ]
  }
},
{
  "model": "intake.statusupdate",
  "pk": 32,
  "fields": {
    "created": "2017-05-10T17:15:08.592Z",
    "updated": "2017-05-10T17:15:08.604Z",
    "status_type": 4,
    "additional_information": "We may be able to get a fee waived for you",
    "author": [
      "cc_pubdef_user"
    ],
    "application": 32,
    "other_next_step": "Come to our Walk-In Clinic",
    "next_steps": [
      1
    ]
  }
},
{
  "model": "intake.statusupdate",
  "pk": 38,
  "fields": {
    "created": "2017-05-10T17:15:08.709Z",
    "updated": "2017-05-10T17:15:08.719Z",
    "status_type": 3,
    "additional_information": "We may be able to get a fee waived for you",
    "author": [
      "santa_barbara_pubdef_user"
    ],
    "application": 38,
    "other_next_step": "Come to our Walk-In Clinic",
    "next_steps": [
      1
    ]
  }
},
{
  "model": "intake.statusupdate",
  "pk": 33,
  "fields": {
    "created": "2017-05-10T17:15:08.615Z",
    "updated": "2017-05-10T17:15:08.625Z",
    "status_type": 5,
    "additional_information": "We may be able to get a fee waived for you",
    "author": [
      "fresno_pubdef_user"
    ],
    "application": 33,
    "other_next_step": "Come to our Walk-In Clinic",
    "next_steps": [
      1
    ]
  }
},
{
  "model": "intake.statusupdate",
  "pk": 34,
  "fields": {
    "created": "2017-05-10T17:15:08.636Z",
    "updated": "2017-05-10T17:15:08.646Z",
    "status_type": 6,
    "additional_information": "We may be able to get a fee waived for you",
    "author": [
      "monterey_pubdef_user"
    ],
    "application": 34,
    "other_next_step": "Come to our Walk-In Clinic",
    "next_steps": [
      1
    ]
  }
},
{
  "model": "intake.statusupdate",
  "pk": 35,
  "fields": {
    "created": "2017-05-10T17:15:08.658Z",
    "updated": "2017-05-10T17:15:08.667Z",
    "status_type": 7,
    "additional_information": "We may be able to get a fee waived for you",
    "author": [
      "san_diego_pubdef_user"
    ],
    "application": 35,
    "other_next_step": "Come to our Walk-In Clinic",
    "next_steps": [
      1
    ]
  }
},
{
  "model": "intake.statusupdate",
  "pk": 39,
  "fields": {
    "created": "2017-05-10T17:15:08.728Z",
    "updated": "2017-05-10T17:15:08.735Z",
    "status_type": 4,
    "additional_information": "We may be able to get a fee waived for you",
    "author": [
      "santa_clara_pubdef_user"
    ],
    "application": 39,
    "other_next_step": "Come to our Walk-In Clinic",
    "next_steps": [
      1
    ]
  }
},
{
  "model": "intake.statusupdate",
  "pk": 36,
  "fields": {
    "created": "2017-05-10T17:15:08.678Z",
    "updated": "2017-05-10T17:15:08.686Z",
    "status_type": 1,
    "additional_information": "We may be able to get a fee waived for you",
    "author": [
      "sf_pubdef_user"
    ],
    "application": 36,
    "other_next_step": "Come to our Walk-In Clinic",
    "next_steps": [
      1
    ]
  }
},
{
  "model": "intake.statusupdate",
  "pk": 43,
  "fields": {
    "created": "2017-05-10T17:15:08.887Z",
    "updated": "2017-05-10T17:15:08.899Z",
    "status_type": 1,
    "additional_information": "We may be able to get a fee waived for you",
    "author": [
      "tulare_pubdef_user"
    ],
    "application": 43,
    "other_next_step": "Come to our Walk-In Clinic",
    "next_steps": [
      1
    ]
  }
},
{
  "model": "intake.statusupdate",
  "pk": 40,
  "fields": {
    "created": "2017-05-10T17:15:08.743Z",
    "updated": "2017-05-10T17:15:08.753Z",
    "status_type": 5,
    "additional_information": "We may be able to get a fee waived for you",
    "author": [
      "santa_cruz_pubdef_user"
    ],
    "application": 40,
    "other_next_step": "Come to our Walk-In Clinic",
    "next_steps": [
      1
    ]
  }
},
{
  "model": "intake.statusupdate",
  "pk": 41,
  "fields": {
    "created": "2017-05-10T17:15:08.790Z",
    "updated": "2017-05-10T17:15:08.815Z",
    "status_type": 6,
    "additional_information": "We may be able to get a fee waived for you",
    "author": [
      "solano_pubdef_user"
    ],
    "application": 41,
    "other_next_step": "Come to our Walk-In Clinic",
    "next_steps": [
      1
    ]
  }
},
{
  "model": "intake.statusupdate",
  "pk": 44,
  "fields": {
    "created": "2017-05-10T17:15:08.918Z",
    "updated": "2017-05-10T17:15:08.932Z",
    "status_type": 2,
    "additional_information": "We may be able to get a fee waived for you",
    "author": [
      "ventura_pubdef_user"
    ],
    "application": 44,
    "other_next_step": "Come to our Walk-In Clinic",
    "next_steps": [
      1
    ]
  }
},
{
  "model": "intake.statusnotification",
  "pk": 31,
  "fields": {
    "status_update": 31,
    "contact_info": {
      "email": "cmrtestuser+notification@gmail.com"
    },
    "base_message": "Resistance is futile",
    "sent_message": "Live long and prosper",
    "created": "2017-05-10T17:15:08.574Z"
  }
},
{
  "model": "intake.statusnotification",
  "pk": 32,
  "fields": {
    "status_update": 32,
    "contact_info": {
      "email": "cmrtestuser+notification@gmail.com"
    },
    "base_message": "Resistance is futile",
    "sent_message": "Live long and prosper",
    "created": "2017-05-10T17:15:08.597Z"
  }
},
{
  "model": "intake.statusnotification",
  "pk": 33,
  "fields": {
    "status_update": 33,
    "contact_info": {
      "email": "cmrtestuser+notification@gmail.com"
    },
    "base_message": "Resistance is futile",
    "sent_message": "Live long and prosper",
    "created": "2017-05-10T17:15:08.617Z"
  }
},
{
  "model": "intake.statusnotification",
  "pk": 34,
  "fields": {
    "status_update": 34,
    "contact_info": {
      "email": "cmrtestuser+notification@gmail.com"
    },
    "base_message": "Resistance is futile",
    "sent_message": "Live long and prosper",
    "created": "2017-05-10T17:15:08.638Z"
  }
},
{
  "model": "intake.statusnotification",
  "pk": 35,
  "fields": {
    "status_update": 35,
    "contact_info": {
      "email": "cmrtestuser+notification@gmail.com"
    },
    "base_message": "Resistance is futile",
    "sent_message": "Live long and prosper",
    "created": "2017-05-10T17:15:08.660Z"
  }
},
{
  "model": "intake.statusnotification",
  "pk": 36,
  "fields": {
    "status_update": 36,
    "contact_info": {
      "email": "cmrtestuser+notification@gmail.com"
    },
    "base_message": "Resistance is futile",
    "sent_message": "Live long and prosper",
    "created": "2017-05-10T17:15:08.680Z"
  }
},
{
  "model": "intake.statusnotification",
  "pk": 37,
  "fields": {
    "status_update": 37,
    "contact_info": {
      "email": "cmrtestuser+notification@gmail.com"
    },
    "base_message": "Resistance is futile",
    "sent_message": "Live long and prosper",
    "created": "2017-05-10T17:15:08.696Z"
  }
},
{
  "model": "intake.statusnotification",
  "pk": 38,
  "fields": {
    "status_update": 38,
    "contact_info": {
      "email": "cmrtestuser+notification@gmail.com"
    },
    "base_message": "Resistance is futile",
    "sent_message": "Live long and prosper",
    "created": "2017-05-10T17:15:08.711Z"
  }
},
{
  "model": "intake.statusnotification",
  "pk": 39,
  "fields": {
    "status_update": 39,
    "contact_info": {
      "email": "cmrtestuser+notification@gmail.com"
    },
    "base_message": "Resistance is futile",
    "sent_message": "Live long and prosper",
    "created": "2017-05-10T17:15:08.730Z"
  }
},
{
  "model": "intake.statusnotification",
  "pk": 40,
  "fields": {
    "status_update": 40,
    "contact_info": {
      "email": "cmrtestuser+notification@gmail.com"
    },
    "base_message": "Resistance is futile",
    "sent_message": "Live long and prosper",
    "created": "2017-05-10T17:15:08.745Z"
  }
},
{
  "model": "intake.statusnotification",
  "pk": 41,
  "fields": {
    "status_update": 41,
    "contact_info": {
      "email": "cmrtestuser+notification@gmail.com"
    },
    "base_message": "Resistance is futile",
    "sent_message": "Live long and prosper",
    "created": "2017-05-10T17:15:08.801Z"
  }
},
{
  "model": "intake.statusnotification",
  "pk": 42,
  "fields": {
    "status_update": 42,
    "contact_info": {
      "email": "cmrtestuser+notification@gmail.com"
    },
    "base_message": "Resistance is futile",
    "sent_message": "Live long and prosper",
    "created": "2017-05-10T17:15:08.839Z"
  }
},
{
  "model": "intake.statusnotification",
  "pk": 43,
  "fields": {
    "status_update": 43,
    "contact_info": {
      "email": "cmrtestuser+notification@gmail.com"
    },
    "base_message": "Resistance is futile",
    "sent_message": "Live long and prosper",
    "created": "2017-05-10T17:15:08.889Z"
  }
},
{
  "model": "intake.statusnotification",
  "pk": 44,
  "fields": {
    "status_update": 44,
    "contact_info": {
      "email": "cmrtestuser+notification@gmail.com"
    },
    "base_message": "Resistance is futile",
    "sent_message": "Live long and prosper",
    "created": "2017-05-10T17:15:08.921Z"
  }
}
]
