[
{
  "model": "intake.visitor",
  "pk": 134,
  "fields": {
    "first_visit": "2017-04-11T19:03:05.127Z",
    "source": "share",
    "referrer": "http://bajoradefender.org/services/clean-slate/",
    "ip_address": "48.104.186.127"
  }
},
{
  "model": "intake.applicant",
  "pk": 131,
  "fields": {
    "visitor": 134
  }
},
{
  "model": "intake.formsubmission",
  "pk": 131,
  "fields": {
    "applicant": 131,
    "duplicate_set": null,
    "answers": {
      "address": {
        "zip": "82681",
        "city": "Robinberg",
        "street": "369 Moran Hollow Suite 432",
        "state": "OH"
      },
      "declaration_letter_goals": "Vel perferendis et at. Qui enim voluptate itaque omnis. Deserunt delectus perferendis nihil accusamus ex.",
      "reduced_probation": "no",
      "preferred_pronouns": "none",
      "on_probation_parole": "yes",
      "contact_preferences": [
        "prefers_sms",
        "prefers_email"
      ],
      "consent_to_represent": "yes",
      "us_citizen": "no",
      "pfn_number": "991875",
      "additional_information": "I want help",
      "is_veteran": "no",
      "middle_name": "Paul",
      "monthly_expenses": 2000,
      "has_children": "no",
      "owes_court_fees": "yes",
      "dob": {
        "year": "1988",
        "day": "3",
        "month": "7"
      },
      "income_source": "a job",
      "understands_limits": "yes",
      "is_student": "yes",
      "when_where_outside_sf": "",
      "currently_employed": "no",
      "declaration_letter_intro": "Omnis non impedit temporibus quod. Mollitia esse illo incidunt eius. At esse distinctio ipsam nam omnis sapiente ipsam.",
      "email": "bgolder+testing@codeforamerica.org",
      "is_married": "yes",
      "phone_number": "8314207603",
      "declaration_letter_life_changes": "Voluptates molestias ex culpa nihil nulla. Saepe fugit impedit deleniti numquam. Ipsam id nihil delectus odit voluptatum.",
      "rap_outside_sf": "no",
      "monthly_income": 2000,
      "last_name": "Brown",
      "finished_half_probation": "not_applicable",
      "how_did_you_hear": "from work",
      "dependents": 0,
      "first_name": "Cory",
      "alternate_phone_number": "8314207603",
      "has_suspended_license": "no",
      "last_four": "3056",
      "ssn": "303280625",
      "where_probation_or_parole": "Yolo County",
      "household_size": 3,
      "reasons_for_applying": [
        "background_check",
        "lost_job",
        "housing"
      ],
      "driver_license_or_id": "D8761983",
      "declaration_letter_activities": "Laboriosam fugit facilis ea. Rerum quasi error aperiam labore perspiciatis qui aspernatur earum.",
      "declaration_letter_why": "Labore alias dolores minus recusandae dolore debitis ipsa dolores. Laboriosam dolorum harum veniam sed. Maxime illo occaecati minima placeat non saepe. Magnam asperiores aut voluptates inventore possimus consectetur dolore.",
      "case_number": "C7426-734",
      "on_public_benefits": "no",
      "when_probation_or_parole": "2018",
      "serving_sentence": "no",
      "being_charged": "no",
      "aliases": "Mr. Gabriel Booker",
      "owns_home": "no"
    },
    "first_name": "Cory",
    "last_name": "Brown",
    "dob": null,
    "ssn": "303280625",
    "last_four": "3056",
    "drivers_license_or_id": "",
    "case_number": "C7426-734",
    "phone_number": "8314207603",
    "alternate_phone_number": "8314207603",
    "email": "bgolder+testing@codeforamerica.org",
    "old_uuid": "2a9ea200daa64994b56443d28727dfbb",
    "anonymous_name": "Lavender Turtle",
    "date_received": "2017-03-31T17:38:33-07:00"
  }
},
{
  "model": "intake.application",
  "pk": 176,
  "fields": {
    "created": "2017-04-01T00:38:33Z",
    "updated": "2017-04-11T19:03:05.139Z",
    "organization": [
      "Alameda County Public Defender's Office"
    ],
    "form_submission": 131,
    "was_transferred_out": false
  }
},
{
  "model": "intake.application",
  "pk": 177,
  "fields": {
    "created": "2017-04-01T00:38:33Z",
    "updated": "2017-04-11T19:03:05.140Z",
    "organization": [
      "Contra Costa Public Defender"
    ],
    "form_submission": 131,
    "was_transferred_out": false
  }
},
{
  "model": "intake.application",
  "pk": 178,
  "fields": {
    "created": "2017-04-01T00:38:33Z",
    "updated": "2017-04-11T19:03:05.141Z",
    "organization": [
      "Fresno County Public Defender"
    ],
    "form_submission": 131,
    "was_transferred_out": false
  }
},
{
  "model": "intake.application",
  "pk": 179,
  "fields": {
    "created": "2017-04-01T00:38:33Z",
    "updated": "2017-04-11T19:03:05.143Z",
    "organization": [
      "Monterey County Public Defender"
    ],
    "form_submission": 131,
    "was_transferred_out": false
  }
},
{
  "model": "intake.application",
  "pk": 180,
  "fields": {
    "created": "2017-04-01T00:38:33Z",
    "updated": "2017-04-11T19:03:05.144Z",
    "organization": [
      "San Diego County Public Defender"
    ],
    "form_submission": 131,
    "was_transferred_out": false
  }
},
{
  "model": "intake.application",
  "pk": 181,
  "fields": {
    "created": "2017-04-01T00:38:33Z",
    "updated": "2017-04-11T19:03:05.145Z",
    "organization": [
      "San Francisco Public Defender"
    ],
    "form_submission": 131,
    "was_transferred_out": false
  }
},
{
  "model": "intake.application",
  "pk": 182,
  "fields": {
    "created": "2017-04-01T00:38:33Z",
    "updated": "2017-04-11T19:03:05.146Z",
    "organization": [
      "San Joaquin County Public Defender"
    ],
    "form_submission": 131,
    "was_transferred_out": false
  }
},
{
  "model": "intake.application",
  "pk": 183,
  "fields": {
    "created": "2017-04-01T00:38:33Z",
    "updated": "2017-04-11T19:03:05.148Z",
    "organization": [
      "Santa Barbara County Public Defender"
    ],
    "form_submission": 131,
    "was_transferred_out": false
  }
},
{
  "model": "intake.application",
  "pk": 184,
  "fields": {
    "created": "2017-04-01T00:38:33Z",
    "updated": "2017-04-11T19:03:05.149Z",
    "organization": [
      "Santa Clara County Public Defender"
    ],
    "form_submission": 131,
    "was_transferred_out": false
  }
},
{
  "model": "intake.application",
  "pk": 185,
  "fields": {
    "created": "2017-04-01T00:38:33Z",
    "updated": "2017-04-11T19:03:05.151Z",
    "organization": [
      "Santa Cruz County Public Defender"
    ],
    "form_submission": 131,
    "was_transferred_out": false
  }
},
{
  "model": "intake.application",
  "pk": 186,
  "fields": {
    "created": "2017-04-01T00:38:33Z",
    "updated": "2017-04-11T19:03:05.152Z",
    "organization": [
      "Solano County Public Defender"
    ],
    "form_submission": 131,
    "was_transferred_out": false
  }
},
{
  "model": "intake.application",
  "pk": 187,
  "fields": {
    "created": "2017-04-01T00:38:33Z",
    "updated": "2017-04-11T19:03:05.153Z",
    "organization": [
      "Sonoma County Public Defender"
    ],
    "form_submission": 131,
    "was_transferred_out": false
  }
},
{
  "model": "intake.application",
  "pk": 188,
  "fields": {
    "created": "2017-04-01T00:38:33Z",
    "updated": "2017-04-11T19:03:05.154Z",
    "organization": [
      "Tulare County Public Defender"
    ],
    "form_submission": 131,
    "was_transferred_out": false
  }
},
{
  "model": "intake.application",
  "pk": 189,
  "fields": {
    "created": "2017-04-01T00:38:33Z",
    "updated": "2017-04-11T19:03:05.155Z",
    "organization": [
      "Ventura County Public Defender"
    ],
    "form_submission": 131,
    "was_transferred_out": false
  }
},
{
  "model": "intake.statusupdate",
  "pk": 183,
  "fields": {
    "created": "2017-04-11T19:03:05.716Z",
    "updated": "2017-04-11T19:03:05.723Z",
    "status_type": 4,
    "additional_information": "We may be able to get a fee waived for you",
    "author": [
      "santa_clara_pubdef_user"
    ],
    "application": 184,
    "other_next_step": "Come to our Walk-In Clinic",
    "next_steps": [
      1
    ]
  }
},
{
  "model": "intake.statusupdate",
  "pk": 175,
  "fields": {
    "created": "2017-04-11T19:03:05.597Z",
    "updated": "2017-04-11T19:03:05.604Z",
    "status_type": 3,
    "additional_information": "We may be able to get a fee waived for you",
    "author": [
      "a_pubdef_user"
    ],
    "application": 176,
    "other_next_step": "Come to our Walk-In Clinic",
    "next_steps": [
      1
    ]
  }
},
{
  "model": "intake.statusupdate",
  "pk": 184,
  "fields": {
    "created": "2017-04-11T19:03:05.730Z",
    "updated": "2017-04-11T19:03:05.737Z",
    "status_type": 5,
    "additional_information": "We may be able to get a fee waived for you",
    "author": [
      "santa_cruz_pubdef_user"
    ],
    "application": 185,
    "other_next_step": "Come to our Walk-In Clinic",
    "next_steps": [
      1
    ]
  }
},
{
  "model": "intake.statusupdate",
  "pk": 176,
  "fields": {
    "created": "2017-04-11T19:03:05.611Z",
    "updated": "2017-04-11T19:03:05.619Z",
    "status_type": 4,
    "additional_information": "We may be able to get a fee waived for you",
    "author": [
      "cc_pubdef_user"
    ],
    "application": 177,
    "other_next_step": "Come to our Walk-In Clinic",
    "next_steps": [
      1
    ]
  }
},
{
  "model": "intake.statusupdate",
  "pk": 177,
  "fields": {
    "created": "2017-04-11T19:03:05.625Z",
    "updated": "2017-04-11T19:03:05.632Z",
    "status_type": 5,
    "additional_information": "We may be able to get a fee waived for you",
    "author": [
      "fresno_pubdef_user"
    ],
    "application": 178,
    "other_next_step": "Come to our Walk-In Clinic",
    "next_steps": [
      1
    ]
  }
},
{
  "model": "intake.statusupdate",
  "pk": 178,
  "fields": {
    "created": "2017-04-11T19:03:05.639Z",
    "updated": "2017-04-11T19:03:05.646Z",
    "status_type": 6,
    "additional_information": "We may be able to get a fee waived for you",
    "author": [
      "monterey_pubdef_user"
    ],
    "application": 179,
    "other_next_step": "Come to our Walk-In Clinic",
    "next_steps": [
      1
    ]
  }
},
{
  "model": "intake.statusupdate",
  "pk": 185,
  "fields": {
    "created": "2017-04-11T19:03:05.744Z",
    "updated": "2017-04-11T19:03:05.751Z",
    "status_type": 6,
    "additional_information": "We may be able to get a fee waived for you",
    "author": [
      "solano_pubdef_user"
    ],
    "application": 186,
    "other_next_step": "Come to our Walk-In Clinic",
    "next_steps": [
      1
    ]
  }
},
{
  "model": "intake.statusupdate",
  "pk": 179,
  "fields": {
    "created": "2017-04-11T19:03:05.653Z",
    "updated": "2017-04-11T19:03:05.661Z",
    "status_type": 7,
    "additional_information": "We may be able to get a fee waived for you",
    "author": [
      "san_diego_pubdef_user"
    ],
    "application": 180,
    "other_next_step": "Come to our Walk-In Clinic",
    "next_steps": [
      1
    ]
  }
},
{
  "model": "intake.statusupdate",
  "pk": 180,
  "fields": {
    "created": "2017-04-11T19:03:05.668Z",
    "updated": "2017-04-11T19:03:05.676Z",
    "status_type": 1,
    "additional_information": "We may be able to get a fee waived for you",
    "author": [
      "sf_pubdef_user"
    ],
    "application": 181,
    "other_next_step": "Come to our Walk-In Clinic",
    "next_steps": [
      1
    ]
  }
},
{
  "model": "intake.statusupdate",
  "pk": 181,
  "fields": {
    "created": "2017-04-11T19:03:05.687Z",
    "updated": "2017-04-11T19:03:05.695Z",
    "status_type": 2,
    "additional_information": "We may be able to get a fee waived for you",
    "author": [
      "san_joaquin_pubdef_user"
    ],
    "application": 182,
    "other_next_step": "Come to our Walk-In Clinic",
    "next_steps": [
      1
    ]
  }
},
{
  "model": "intake.statusupdate",
  "pk": 186,
  "fields": {
    "created": "2017-04-11T19:03:05.759Z",
    "updated": "2017-04-11T19:03:05.766Z",
    "status_type": 7,
    "additional_information": "We may be able to get a fee waived for you",
    "author": [
      "sonoma_pubdef_user"
    ],
    "application": 187,
    "other_next_step": "Come to our Walk-In Clinic",
    "next_steps": [
      1
    ]
  }
},
{
  "model": "intake.statusupdate",
  "pk": 182,
  "fields": {
    "created": "2017-04-11T19:03:05.702Z",
    "updated": "2017-04-11T19:03:05.709Z",
    "status_type": 3,
    "additional_information": "We may be able to get a fee waived for you",
    "author": [
      "santa_barbara_pubdef_user"
    ],
    "application": 183,
    "other_next_step": "Come to our Walk-In Clinic",
    "next_steps": [
      1
    ]
  }
},
{
  "model": "intake.statusupdate",
  "pk": 187,
  "fields": {
    "created": "2017-04-11T19:03:05.773Z",
    "updated": "2017-04-11T19:03:05.780Z",
    "status_type": 1,
    "additional_information": "We may be able to get a fee waived for you",
    "author": [
      "tulare_pubdef_user"
    ],
    "application": 188,
    "other_next_step": "Come to our Walk-In Clinic",
    "next_steps": [
      1
    ]
  }
},
{
  "model": "intake.statusupdate",
  "pk": 188,
  "fields": {
    "created": "2017-04-11T19:03:05.789Z",
    "updated": "2017-04-11T19:03:05.821Z",
    "status_type": 2,
    "additional_information": "We may be able to get a fee waived for you",
    "author": [
      "ventura_pubdef_user"
    ],
    "application": 189,
    "other_next_step": "Come to our Walk-In Clinic",
    "next_steps": [
      1
    ]
  }
},
{
  "model": "intake.statusnotification",
  "pk": 175,
  "fields": {
    "status_update": 175,
    "contact_info": {
      "email": "bgolder+borg@codeforamerica.org"
    },
    "base_message": "Resistance is futile",
    "sent_message": "Live long and prosper",
    "created": "2017-04-11T19:03:05.598Z"
  }
},
{
  "model": "intake.statusnotification",
  "pk": 176,
  "fields": {
    "status_update": 176,
    "contact_info": {
      "email": "bgolder+borg@codeforamerica.org"
    },
    "base_message": "Resistance is futile",
    "sent_message": "Live long and prosper",
    "created": "2017-04-11T19:03:05.612Z"
  }
},
{
  "model": "intake.statusnotification",
  "pk": 177,
  "fields": {
    "status_update": 177,
    "contact_info": {
      "email": "bgolder+borg@codeforamerica.org"
    },
    "base_message": "Resistance is futile",
    "sent_message": "Live long and prosper",
    "created": "2017-04-11T19:03:05.627Z"
  }
},
{
  "model": "intake.statusnotification",
  "pk": 178,
  "fields": {
    "status_update": 178,
    "contact_info": {
      "email": "bgolder+borg@codeforamerica.org"
    },
    "base_message": "Resistance is futile",
    "sent_message": "Live long and prosper",
    "created": "2017-04-11T19:03:05.640Z"
  }
},
{
  "model": "intake.statusnotification",
  "pk": 179,
  "fields": {
    "status_update": 179,
    "contact_info": {
      "email": "bgolder+borg@codeforamerica.org"
    },
    "base_message": "Resistance is futile",
    "sent_message": "Live long and prosper",
    "created": "2017-04-11T19:03:05.655Z"
  }
},
{
  "model": "intake.statusnotification",
  "pk": 180,
  "fields": {
    "status_update": 180,
    "contact_info": {
      "email": "bgolder+borg@codeforamerica.org"
    },
    "base_message": "Resistance is futile",
    "sent_message": "Live long and prosper",
    "created": "2017-04-11T19:03:05.669Z"
  }
},
{
  "model": "intake.statusnotification",
  "pk": 181,
  "fields": {
    "status_update": 181,
    "contact_info": {
      "email": "bgolder+borg@codeforamerica.org"
    },
    "base_message": "Resistance is futile",
    "sent_message": "Live long and prosper",
    "created": "2017-04-11T19:03:05.689Z"
  }
},
{
  "model": "intake.statusnotification",
  "pk": 182,
  "fields": {
    "status_update": 182,
    "contact_info": {
      "email": "bgolder+borg@codeforamerica.org"
    },
    "base_message": "Resistance is futile",
    "sent_message": "Live long and prosper",
    "created": "2017-04-11T19:03:05.704Z"
  }
},
{
  "model": "intake.statusnotification",
  "pk": 183,
  "fields": {
    "status_update": 183,
    "contact_info": {
      "email": "bgolder+borg@codeforamerica.org"
    },
    "base_message": "Resistance is futile",
    "sent_message": "Live long and prosper",
    "created": "2017-04-11T19:03:05.718Z"
  }
},
{
  "model": "intake.statusnotification",
  "pk": 184,
  "fields": {
    "status_update": 184,
    "contact_info": {
      "email": "bgolder+borg@codeforamerica.org"
    },
    "base_message": "Resistance is futile",
    "sent_message": "Live long and prosper",
    "created": "2017-04-11T19:03:05.731Z"
  }
},
{
  "model": "intake.statusnotification",
  "pk": 185,
  "fields": {
    "status_update": 185,
    "contact_info": {
      "email": "bgolder+borg@codeforamerica.org"
    },
    "base_message": "Resistance is futile",
    "sent_message": "Live long and prosper",
    "created": "2017-04-11T19:03:05.746Z"
  }
},
{
  "model": "intake.statusnotification",
  "pk": 186,
  "fields": {
    "status_update": 186,
    "contact_info": {
      "email": "bgolder+borg@codeforamerica.org"
    },
    "base_message": "Resistance is futile",
    "sent_message": "Live long and prosper",
    "created": "2017-04-11T19:03:05.760Z"
  }
},
{
  "model": "intake.statusnotification",
  "pk": 187,
  "fields": {
    "status_update": 187,
    "contact_info": {
      "email": "bgolder+borg@codeforamerica.org"
    },
    "base_message": "Resistance is futile",
    "sent_message": "Live long and prosper",
    "created": "2017-04-11T19:03:05.774Z"
  }
},
{
  "model": "intake.statusnotification",
  "pk": 188,
  "fields": {
    "status_update": 188,
    "contact_info": {
      "email": "bgolder+borg@codeforamerica.org"
    },
    "base_message": "Resistance is futile",
    "sent_message": "Live long and prosper",
    "created": "2017-04-11T19:03:05.796Z"
  }
}
]
